[
{
  "model": "contenttypes.contenttype",
  "fields": {
    "app_label": "admin",
    "model": "logentry"
  }
},
{
  "model": "contenttypes.contenttype",
  "fields": {
    "app_label": "auth",
    "model": "permission"
  }
},
{
  "model": "contenttypes.contenttype",
  "fields": {
    "app_label": "auth",
    "model": "group"
  }
},
{
  "model": "contenttypes.contenttype",
  "fields": {
    "app_label": "auth",
    "model": "user"
  }
},
{
  "model": "contenttypes.contenttype",
  "fields": {
    "app_label": "contenttypes",
    "model": "contenttype"
  }
},
{
  "model": "contenttypes.contenttype",
  "fields": {
    "app_label": "sessions",
    "model": "session"
  }
},
{
  "model": "contenttypes.contenttype",
  "fields": {
    "app_label": "base",
    "model": "iglesia"
  }
},
{
  "model": "contenttypes.contenttype",
  "fields": {
    "app_label": "base",
    "model": "usuario_iglesia"
  }
},
{
  "model": "contenttypes.contenttype",
  "fields": {
    "app_label": "base",
    "model": "categoria_servicio"
  }
},
{
  "model": "contenttypes.contenttype",
  "fields": {
    "app_label": "base",
    "model": "miembro"
  }
},
{
  "model": "contenttypes.contenttype",
  "fields": {
    "app_label": "base",
    "model": "ministerio"
  }
},
{
  "model": "contenttypes.contenttype",
  "fields": {
    "app_label": "base",
    "model": "rol_ministerio"
  }
},
{
  "model": "contenttypes.contenttype",
  "fields": {
    "app_label": "base",
    "model": "miembro_ministerio"
  }
},
{
  "model": "contenttypes.contenttype",
  "fields": {
    "app_label": "base",
    "model": "servicio"
  }
},
{
  "model": "contenttypes.contenttype",
  "fields": {
    "app_label": "base",
    "model": "participante_servicio"
  }
},
{
  "model": "contenttypes.contenttype",
  "fields": {
    "app_label": "base",
    "model": "participanteservicio"
  }
},
{
  "model": "contenttypes.contenttype",
  "fields": {
    "app_label": "base",
    "model": "pais"
  }
},
{
  "model": "contenttypes.contenttype",
  "fields": {
    "app_label": "base",
    "model": "comuna"
  }
},
{
  "model": "contenttypes.contenttype",
  "fields": {
    "app_label": "base",
    "model": "municipio"
  }
},
{
  "model": "contenttypes.contenttype",
  "fields": {
    "app_label": "base",
    "model": "estado_grupocasa"
  }
},
{
  "model": "contenttypes.contenttype",
  "fields": {
    "app_label": "base",
    "model": "barrio"
  }
},
{
  "model": "contenttypes.contenttype",
  "fields": {
    "app_label": "base",
    "model": "grupocasa"
  }
},
{
  "model": "contenttypes.contenttype",
  "fields": {
    "app_label": "base",
    "model": "departamento"
  }
},
{
  "model": "sessions.session",
  "pk": "7wah7cnb9spekg8tv403qlde89k509gc",
  "fields": {
    "session_data": "e30:1tigkm:i4CKAUTT1zqcKdF3_SxR3C41Nm6MLIUveMz6iZDNy8c",
    "expire_date": "2025-02-27T21:28:12.731Z"
  }
},
{
  "model": "sessions.session",
  "pk": "8ask3pxzkfws5nxt968pev4dgspxunot",
  "fields": {
    "session_data": ".eJxVjEEOwiAQRe_C2hDAwoBL9z0DGWaoVA0kpV0Z765NutDtf-_9l4i4rSVuPS9xZnERIE6_W0J65LoDvmO9NUmtrsuc5K7Ig3Y5Ns7P6-H-HRTs5VtjCuSNY9IhkUY3qJyBIHln0DGQtWfLyk0WzKQcBK_ZEmW2qCANxOL9Afl6OG0:1tnLB3:fp72Q5LRFpONQdW4aIybYZ5-0uoOLxsGyks5iYiuLXU",
    "expire_date": "2025-03-12T17:26:33.826Z"
  }
},
{
  "model": "sessions.session",
  "pk": "b3k1m8xcmsmwvcqu0tlv4xqklscwddxw",
  "fields": {
    "session_data": ".eJxVjEEOwiAQRe_C2hDAwoBL9z0DGWaoVA0kpV0Z765NutDtf-_9l4i4rSVuPS9xZnERIE6_W0J65LoDvmO9NUmtrsuc5K7Ig3Y5Ns7P6-H-HRTs5VtjCuSNY9IhkUY3qJyBIHln0DGQtWfLyk0WzKQcBK_ZEmW2qCANxOL9Afl6OG0:1tnLJW:wTW7lciGBZqrUFhGrPqavFuTuN2_vrxq1BT_3L7NWxE",
    "expire_date": "2025-03-12T17:35:18.306Z"
  }
},
{
  "model": "sessions.session",
  "pk": "cx6pdmk9sdt6pl2ktoveto98c9t5ak17",
  "fields": {
    "session_data": ".eJxVjEEOwiAQRe_C2pAyhSm4dO8ZCDCDVA0kpV0Z765NutDtf-_9l_BhW4vfOi9-JnEWahCn3zGG9OC6E7qHemsytbouc5S7Ig_a5bURPy-H-3dQQi_f2mV2ExirwZJLoNiwTqMhJARg1EB2hKxyUlpNIZPFhEPEHA1CzEzi_QH6GThG:1tnL9M:tDBORaWkLQxkgYiY_jwIehRspzaA34BMdnR5nScp50w",
    "expire_date": "2025-03-12T17:24:48.128Z"
  }
},
{
  "model": "sessions.session",
  "pk": "e8p6lt7b0i94mylzzjwi1f2hg2977dmx",
  "fields": {
    "session_data": ".eJxVjMsOgjAQRf-la9PYQsepS_d8A5lXLGogobAy_ruQsNDtOefet-tpXUq_Vpv7Qd3VBXf6ZUzytHEX-qDxPnmZxmUe2O-JP2z13aT2uh3t30GhWra1ZNAgYJhYGuJzkiAXQlGljbeQwBhTNCQIaJC1iRGINWcO2GZ0ny8KEDhw:1tifNx:pEmGsXKhcc66fE0TPQ3ydwZNA6svNyzDBrdoonFJMBI",
    "expire_date": "2025-02-27T20:00:33.814Z"
  }
},
{
  "model": "sessions.session",
  "pk": "h9xcowpl50mbiwwjkwnuz4c54ip10yp8",
  "fields": {
    "session_data": "e30:1tih2F:RBiEfZkFdQ_sS3hwrJ09DyGN-BbSJ9PViy0MaOXa_hg",
    "expire_date": "2025-02-27T21:46:15.432Z"
  }
},
{
  "model": "sessions.session",
  "pk": "q590u6gd74saynktrw4oj4xf1sfav997",
  "fields": {
    "session_data": ".eJxVjMsOwiAQRf-FtSFAebp07zeQGRikaiAp7cr479qkC93ec859sQjbWuM2aIlzZmdm2Ol3Q0gPajvId2i3zlNv6zIj3xV-0MGvPdPzcrh_BxVG_dYkqfhUfA7Walc8KTCOdMIQXFBSoiuTwKw8JiGttkpBmKQR1gsDJAp7fwDuJDeD:1tnKde:iFhj2hnLVMSQsNx3eLz-70KBxK1i6DnTvym7kyJdipw",
    "expire_date": "2025-03-12T16:52:02.773Z"
  }
},
{
  "model": "sessions.session",
  "pk": "retwg1ngmw1d60qekyzwlggvteline6y",
  "fields": {
    "session_data": ".eJxVjMsOgjAQRf-la9PYQsepS_d8A5lXLGogobAy_ruQsNDtOefet-tpXUq_Vpv7Qd3VBXf6ZUzytHEX-qDxPnmZxmUe2O-JP2z13aT2uh3t30GhWra1ZNAgYJhYGuJzkiAXQlGljbeQwBhTNCQIaJC1iRGINWcO2GZ0ny8KEDhw:1tnS6T:TSMVKjiLqk6cprbFbzvEWV4zCxlJDRCKOl0VVmW24_g",
    "expire_date": "2025-03-13T00:50:17.152Z"
  }
},
{
  "model": "sessions.session",
  "pk": "t602cd54v1af1fbbleaqyljoafcwwbbd",
  "fields": {
    "session_data": ".eJxVjMsOgjAQRf-la9PYQsepS_d8A5lXLGogobAy_ruQsNDtOefet-tpXUq_Vpv7Qd3VBXf6ZUzytHEX-qDxPnmZxmUe2O-JP2z13aT2uh3t30GhWra1ZNAgYJhYGuJzkiAXQlGljbeQwBhTNCQIaJC1iRGINWcO2GZ0ny8KEDhw:1tn3ao:PWvkYf041a4GxDzPoW9OeyeLGp-Fs5xEqsehzoX-t5w",
    "expire_date": "2025-03-11T22:39:58.460Z"
  }
},
{
  "model": "base.iglesia",
  "pk": 1,
  "fields": {
    "nombre": "Jesucristo es la Solucion Popayan",
    "descripcion": "",
    "direccion": "",
    "telefono": null,
    "correo": null,
    "pastor": "Jhony Monta±o",
    "activa": true,
    "creado": "2025-02-13T22:36:56.003Z"
  }
},
{
  "model": "base.iglesia",
  "pk": 2,
  "fields": {
    "nombre": "Presbiteriana Morales",
    "descripcion": "",
    "direccion": "",
    "telefono": null,
    "correo": null,
    "pastor": "Diego Serrano",
    "activa": true,
    "creado": "2025-02-13T22:37:07.792Z"
  }
},
{
  "model": "base.iglesia",
  "pk": 3,
  "fields": {
    "nombre": "Los Vlaientes",
    "descripcion": "sdadasdas",
    "direccion": "Calll 71",
    "telefono": "3172367485",
    "correo": "paulat@gmail.com",
    "pastor": "Paula Andrea",
    "activa": true,
    "creado": "2025-02-19T06:40:12.096Z"
  }
},
{
  "model": "base.miembro",
  "pk": 1,
  "fields": {
    "iglesia": 1,
    "nombre": "Jorge Alexis",
    "apellido": "Madrid Pe±a",
    "identificacion": "10388315",
    "celular": "3116428244",
    "correo": "jorgeamadrid@gmail.com",
    "telefono": null,
    "fecha_nacimiento": null,
    "activo": true,
    "observacion": "",
    "creado": "2025-02-14T01:08:53.049Z"
  }
},
{
  "model": "base.miembro",
  "pk": 2,
  "fields": {
    "iglesia": 1,
    "nombre": "Gustavo",
    "apellido": "Jimenez",
    "identificacion": "1061234765",
    "celular": "3166788976",
    "correo": "jgustavo@gmail.com",
    "telefono": null,
    "fecha_nacimiento": null,
    "activo": true,
    "observacion": "",
    "creado": "2025-02-14T01:09:33.293Z"
  }
},
{
  "model": "base.miembro",
  "pk": 3,
  "fields": {
    "iglesia": 1,
    "nombre": "Paola",
    "apellido": "Ararat",
    "identificacion": "3425874",
    "celular": "3166788976",
    "correo": "jgustavo@gmail.com",
    "telefono": null,
    "fecha_nacimiento": null,
    "activo": true,
    "observacion": "",
    "creado": "2025-02-14T01:27:59.936Z"
  }
},
{
  "model": "base.miembro",
  "pk": 4,
  "fields": {
    "iglesia": 1,
    "nombre": "Victor",
    "apellido": "Murillo",
    "identificacion": "234434243",
    "celular": "44324432",
    "correo": "ererere@gmail.com",
    "telefono": null,
    "fecha_nacimiento": null,
    "activo": true,
    "observacion": "",
    "creado": "2025-02-14T01:28:27.952Z"
  }
},
{
  "model": "base.miembro",
  "pk": 5,
  "fields": {
    "iglesia": 1,
    "nombre": "Andres",
    "apellido": "Mosquerallll",
    "identificacion": "655465465",
    "celular": "23455",
    "correo": "ssssst@gmail.com",
    "telefono": null,
    "fecha_nacimiento": null,
    "activo": true,
    "observacion": "",
    "creado": "2025-02-14T01:30:16.696Z"
  }
},
{
  "model": "base.miembro",
  "pk": 6,
  "fields": {
    "iglesia": 1,
    "nombre": "Somin",
    "apellido": "Palacios",
    "identificacion": "7666",
    "celular": "66666",
    "correo": "eeeee@wwww",
    "telefono": "3333",
    "fecha_nacimiento": null,
    "activo": true,
    "observacion": "",
    "creado": "2025-02-14T01:32:09.351Z"
  }
},
{
  "model": "base.miembro",
  "pk": 9,
  "fields": {
    "iglesia": 1,
    "nombre": "Amigo nuevo",
    "apellido": "Madrid",
    "identificacion": "343434324",
    "celular": "432434324",
    "correo": "jorgeamadrid@gmail.com",
    "telefono": "3116428244",
    "fecha_nacimiento": "2025-02-16",
    "activo": false,
    "observacion": "",
    "creado": "2025-02-18T02:49:22.591Z"
  }
},
{
  "model": "base.miembro",
  "pk": 10,
  "fields": {
    "iglesia": 1,
    "nombre": "Camilo",
    "apellido": "Castro",
    "identificacion": "",
    "celular": null,
    "correo": "dffdsfdssds@weew",
    "telefono": "424324232",
    "fecha_nacimiento": "2012-02-09",
    "activo": true,
    "observacion": null,
    "creado": "2025-02-26T12:59:33.455Z"
  }
},
{
  "model": "base.miembro",
  "pk": 11,
  "fields": {
    "iglesia": 1,
    "nombre": "Sonia",
    "apellido": "Molano",
    "identificacion": "",
    "celular": null,
    "correo": "asdsdadas",
    "telefono": "wewe",
    "fecha_nacimiento": "2001-02-15",
    "activo": true,
    "observacion": null,
    "creado": "2025-02-26T13:00:01.710Z"
  }
},
{
  "model": "base.miembro",
  "pk": 12,
  "fields": {
    "iglesia": 1,
    "nombre": "Daniel",
    "apellido": "Mu±oz",
    "identificacion": "",
    "celular": null,
    "correo": "asdas",
    "telefono": "dasdasd",
    "fecha_nacimiento": "2025-02-19",
    "activo": true,
    "observacion": null,
    "creado": "2025-02-26T16:26:35.547Z"
  }
},
{
  "model": "base.miembro",
  "pk": 13,
  "fields": {
    "iglesia": 1,
    "nombre": "Olga Lucia",
    "apellido": "Cortez",
    "identificacion": "",
    "celular": null,
    "correo": "ddasds",
    "telefono": "sadas",
    "fecha_nacimiento": "2025-02-05",
    "activo": true,
    "observacion": null,
    "creado": "2025-02-26T16:26:48.064Z"
  }
},
{
  "model": "base.miembro",
  "pk": 14,
  "fields": {
    "iglesia": 1,
    "nombre": "Adolfo",
    "apellido": "Lopez",
    "identificacion": "",
    "celular": null,
    "correo": "dasd",
    "telefono": "asdasd",
    "fecha_nacimiento": "2025-02-11",
    "activo": true,
    "observacion": null,
    "creado": "2025-02-26T16:27:16.763Z"
  }
},
{
  "model": "base.miembro",
  "pk": 15,
  "fields": {
    "iglesia": 1,
    "nombre": "Monica",
    "apellido": "NN",
    "identificacion": "",
    "celular": null,
    "correo": "rrerere",
    "telefono": "ewrw34343",
    "fecha_nacimiento": "2025-02-19",
    "activo": true,
    "observacion": null,
    "creado": "2025-02-26T16:27:37.774Z"
  }
},
{
  "model": "base.miembro",
  "pk": 16,
  "fields": {
    "iglesia": 1,
    "nombre": "Diego",
    "apellido": "Sancehz",
    "identificacion": "",
    "celular": null,
    "correo": "dasddas",
    "telefono": "234423",
    "fecha_nacimiento": "2025-02-13",
    "activo": true,
    "observacion": null,
    "creado": "2025-02-26T16:27:51.624Z"
  }
},
{
  "model": "base.rol_ministerio",
  "pk": 1,
  "fields": {
    "id_ministerio": 1,
    "descripcion": "Baterista"
  }
},
{
  "model": "base.rol_ministerio",
  "pk": 2,
  "fields": {
    "id_ministerio": 1,
    "descripcion": "Bajista"
  }
},
{
  "model": "base.rol_ministerio",
  "pk": 3,
  "fields": {
    "id_ministerio": 1,
    "descripcion": "Guitarrista Elec."
  }
},
{
  "model": "base.rol_ministerio",
  "pk": 4,
  "fields": {
    "id_ministerio": 1,
    "descripcion": "Guitarrista Acus"
  }
},
{
  "model": "base.rol_ministerio",
  "pk": 5,
  "fields": {
    "id_ministerio": 1,
    "descripcion": "Pianista"
  }
},
{
  "model": "base.rol_ministerio",
  "pk": 6,
  "fields": {
    "id_ministerio": 1,
    "descripcion": "Saxo"
  }
},
{
  "model": "base.rol_ministerio",
  "pk": 7,
  "fields": {
    "id_ministerio": 1,
    "descripcion": "Voz lider"
  }
},
{
  "model": "base.rol_ministerio",
  "pk": 8,
  "fields": {
    "id_ministerio": 1,
    "descripcion": "Coro"
  }
},
{
  "model": "base.rol_ministerio",
  "pk": 9,
  "fields": {
    "id_ministerio": 2,
    "descripcion": "Camara"
  }
},
{
  "model": "base.rol_ministerio",
  "pk": 10,
  "fields": {
    "id_ministerio": 2,
    "descripcion": "Editor foto"
  }
},
{
  "model": "base.rol_ministerio",
  "pk": 11,
  "fields": {
    "id_ministerio": 2,
    "descripcion": "Video creativo"
  }
},
{
  "model": "base.rol_ministerio",
  "pk": 12,
  "fields": {
    "id_ministerio": 7,
    "descripcion": "Invitados"
  }
},
{
  "model": "base.rol_ministerio",
  "pk": 13,
  "fields": {
    "id_ministerio": 7,
    "descripcion": "Venta"
  }
},
{
  "model": "base.rol_ministerio",
  "pk": 14,
  "fields": {
    "id_ministerio": 8,
    "descripcion": "Inscripciones"
  }
},
{
  "model": "base.rol_ministerio",
  "pk": 15,
  "fields": {
    "id_ministerio": 8,
    "descripcion": "Bienvenida"
  }
},
{
  "model": "base.miembro_ministerio",
  "pk": 1,
  "fields": {
    "id_ministerio": 1,
    "id_miembro": 1,
    "id_rol_ministerio": 2,
    "creado": "2025-02-14T01:10:42.980Z"
  }
},
{
  "model": "base.miembro_ministerio",
  "pk": 2,
  "fields": {
    "id_ministerio": 1,
    "id_miembro": 5,
    "id_rol_ministerio": 3,
    "creado": "2025-02-14T01:31:10.418Z"
  }
},
{
  "model": "base.miembro_ministerio",
  "pk": 5,
  "fields": {
    "id_ministerio": 1,
    "id_miembro": 6,
    "id_rol_ministerio": 1,
    "creado": "2025-02-14T01:33:46.301Z"
  }
},
{
  "model": "base.miembro_ministerio",
  "pk": 6,
  "fields": {
    "id_ministerio": 2,
    "id_miembro": 6,
    "id_rol_ministerio": 10,
    "creado": "2025-02-14T01:34:10.352Z"
  }
},
{
  "model": "base.miembro_ministerio",
  "pk": 8,
  "fields": {
    "id_ministerio": 2,
    "id_miembro": 9,
    "id_rol_ministerio": 10,
    "creado": "2025-02-18T02:49:43.045Z"
  }
},
{
  "model": "base.miembro_ministerio",
  "pk": 14,
  "fields": {
    "id_ministerio": 2,
    "id_miembro": 5,
    "id_rol_ministerio": 9,
    "creado": "2025-02-18T18:45:13.837Z"
  }
},
{
  "model": "base.miembro_ministerio",
  "pk": 16,
  "fields": {
    "id_ministerio": 1,
    "id_miembro": 3,
    "id_rol_ministerio": 5,
    "creado": "2025-02-18T18:57:06.437Z"
  }
},
{
  "model": "base.miembro_ministerio",
  "pk": 17,
  "fields": {
    "id_ministerio": 1,
    "id_miembro": 4,
    "id_rol_ministerio": 2,
    "creado": "2025-02-18T19:06:14.241Z"
  }
},
{
  "model": "base.miembro_ministerio",
  "pk": 18,
  "fields": {
    "id_ministerio": 7,
    "id_miembro": 11,
    "id_rol_ministerio": 12,
    "creado": "2025-02-26T13:00:28.345Z"
  }
},
{
  "model": "base.miembro_ministerio",
  "pk": 19,
  "fields": {
    "id_ministerio": 7,
    "id_miembro": 10,
    "id_rol_ministerio": 13,
    "creado": "2025-02-26T13:00:39.076Z"
  }
},
{
  "model": "base.miembro_ministerio",
  "pk": 20,
  "fields": {
    "id_ministerio": 8,
    "id_miembro": 3,
    "id_rol_ministerio": 14,
    "creado": "2025-02-26T17:29:03.050Z"
  }
},
{
  "model": "base.miembro_ministerio",
  "pk": 21,
  "fields": {
    "id_ministerio": 8,
    "id_miembro": 5,
    "id_rol_ministerio": 15,
    "creado": "2025-02-26T17:29:23.947Z"
  }
},
{
  "model": "base.categoria_servicio",
  "pk": 1,
  "fields": {
    "id_iglesia": 1,
    "codigo": "1",
    "descripcion": "Dominical General"
  }
},
{
  "model": "base.categoria_servicio",
  "pk": 2,
  "fields": {
    "id_iglesia": 1,
    "codigo": "2",
    "descripcion": "Dominical Infantil"
  }
},
{
  "model": "base.categoria_servicio",
  "pk": 3,
  "fields": {
    "id_iglesia": 1,
    "codigo": "3",
    "descripcion": "Servicio Martes"
  }
},
{
  "model": "base.categoria_servicio",
  "pk": 4,
  "fields": {
    "id_iglesia": 1,
    "codigo": "4",
    "descripcion": "Alborada martes"
  }
},
{
  "model": "base.categoria_servicio",
  "pk": 5,
  "fields": {
    "id_iglesia": 1,
    "codigo": "5",
    "descripcion": "Alborada jueves"
  }
},
{
  "model": "base.categoria_servicio",
  "pk": 6,
  "fields": {
    "id_iglesia": 1,
    "codigo": "7",
    "descripcion": "Parejas"
  }
},
{
  "model": "base.categoria_servicio",
  "pk": 7,
  "fields": {
    "id_iglesia": 1,
    "codigo": "8",
    "descripcion": "Mujeres"
  }
},
{
  "model": "base.categoria_servicio",
  "pk": 8,
  "fields": {
    "id_iglesia": 1,
    "codigo": "9",
    "descripcion": "Power Night"
  }
},
{
  "model": "base.categoria_servicio",
  "pk": 9,
  "fields": {
    "id_iglesia": 1,
    "codigo": "10",
    "descripcion": "Congreso Hombres"
  }
},
{
  "model": "base.categoria_servicio",
  "pk": 10,
  "fields": {
    "id_iglesia": 1,
    "codigo": "11",
    "descripcion": "Congreso Jovenes"
  }
},
{
  "model": "base.servicio",
  "pk": 1,
  "fields": {
    "id_iglesia": 1,
    "fecha": "2025-03-30",
    "id_categoria": 1,
    "descripcion": "La sabiduria 1",
    "observacion": "",
    "creado": "2025-02-14T01:02:52.760Z"
  }
},
{
  "model": "base.servicio",
  "pk": 2,
  "fields": {
    "id_iglesia": 1,
    "fecha": "2025-02-18",
    "id_categoria": 4,
    "descripcion": "Oracion sabiduria 1",
    "observacion": "",
    "creado": "2025-02-14T01:03:44.398Z"
  }
},
{
  "model": "base.servicio",
  "pk": 3,
  "fields": {
    "id_iglesia": 1,
    "fecha": "2025-02-18",
    "id_categoria": 3,
    "descripcion": "Estudio Sabiduria 1",
    "observacion": "Estudio Sabiduria 1",
    "creado": "2025-02-14T01:06:04.311Z"
  }
},
{
  "model": "base.servicio",
  "pk": 4,
  "fields": {
    "id_iglesia": 1,
    "fecha": "2025-02-20",
    "id_categoria": 5,
    "descripcion": "Oracion de estudio Estudio Sabiduria 1",
    "observacion": "",
    "creado": "2025-02-14T01:06:25.500Z"
  }
},
{
  "model": "base.servicio",
  "pk": 5,
  "fields": {
    "id_iglesia": 1,
    "fecha": "2025-02-22",
    "id_categoria": 8,
    "descripcion": "Rencauche",
    "observacion": "",
    "creado": "2025-02-14T01:07:13.171Z"
  }
},
{
  "model": "base.servicio",
  "pk": 6,
  "fields": {
    "id_iglesia": 1,
    "fecha": "2025-02-28",
    "id_categoria": 1,
    "descripcion": "Sabiduria 2",
    "observacion": "",
    "creado": "2025-02-14T01:07:40.733Z"
  }
},
{
  "model": "base.servicio",
  "pk": 7,
  "fields": {
    "id_iglesia": null,
    "fecha": "2025-02-18",
    "id_categoria": 7,
    "descripcion": "Mujeres",
    "observacion": "dfsdfsfdsfd mujeres",
    "creado": "2025-02-14T16:43:17.149Z"
  }
},
{
  "model": "base.servicio",
  "pk": 9,
  "fields": {
    "id_iglesia": 1,
    "fecha": "2025-02-15",
    "id_categoria": 6,
    "descripcion": "Parejas",
    "observacion": "dfsdfsfdsfd Pareajas",
    "creado": "2025-02-14T16:45:18.742Z"
  }
},
{
  "model": "base.participanteservicio",
  "pk": 29,
  "fields": {
    "id_miembro_ministerio": 6,
    "id_servicio": 2
  }
},
{
  "model": "base.participanteservicio",
  "pk": 30,
  "fields": {
    "id_miembro_ministerio": 2,
    "id_servicio": 2
  }
},
{
  "model": "base.participanteservicio",
  "pk": 32,
  "fields": {
    "id_miembro_ministerio": 5,
    "id_servicio": 2
  }
},
{
  "model": "base.participanteservicio",
  "pk": 45,
  "fields": {
    "id_miembro_ministerio": 5,
    "id_servicio": 1
  }
},
{
  "model": "base.participanteservicio",
  "pk": 49,
  "fields": {
    "id_miembro_ministerio": 19,
    "id_servicio": 1
  }
},
{
  "model": "base.participanteservicio",
  "pk": 50,
  "fields": {
    "id_miembro_ministerio": 14,
    "id_servicio": 1
  }
},
{
  "model": "base.participanteservicio",
  "pk": 51,
  "fields": {
    "id_miembro_ministerio": 21,
    "id_servicio": 6
  }
},
{
  "model": "base.participanteservicio",
  "pk": 52,
  "fields": {
    "id_miembro_ministerio": 20,
    "id_servicio": 6
  }
},
{
  "model": "base.participanteservicio",
  "pk": 53,
  "fields": {
    "id_miembro_ministerio": 21,
    "id_servicio": 1
  }
},
{
  "model": "base.participanteservicio",
  "pk": 54,
  "fields": {
    "id_miembro_ministerio": 20,
    "id_servicio": 1
  }
},
{
  "model": "base.participanteservicio",
  "pk": 55,
  "fields": {
    "id_miembro_ministerio": 2,
    "id_servicio": 1
  }
},
{
  "model": "base.participanteservicio",
  "pk": 56,
  "fields": {
    "id_miembro_ministerio": 17,
    "id_servicio": 1
  }
},
{
  "model": "base.participanteservicio",
  "pk": 57,
  "fields": {
    "id_miembro_ministerio": 6,
    "id_servicio": 1
  }
},
{
  "model": "base.participanteservicio",
  "pk": 58,
  "fields": {
    "id_miembro_ministerio": 1,
    "id_servicio": 1
  }
},
{
  "model": "base.participanteservicio",
  "pk": 59,
  "fields": {
    "id_miembro_ministerio": 16,
    "id_servicio": 1
  }
},
{
  "model": "base.participanteservicio",
  "pk": 60,
  "fields": {
    "id_miembro_ministerio": 8,
    "id_servicio": 1
  }
},
{
  "model": "base.pais",
  "pk": 1,
  "fields": {
    "codigo": "57",
    "descripcion": "Colombia"
  }
},
{
  "model": "base.departamento",
  "pk": 1,
  "fields": {
    "id_pais": 1,
    "codigo": "19",
    "descripcion": "Cauca"
  }
},
{
  "model": "base.municipio",
  "pk": 1,
  "fields": {
    "id_departamento": 1,
    "codigo": "19",
    "descripcion": "Popayan"
  }
},
{
  "model": "base.comuna",
  "pk": 1,
  "fields": {
    "id_municipio": 1,
    "codigo": "1",
    "descripcion": "Comuna 1"
  }
},
{
  "model": "base.comuna",
  "pk": 2,
  "fields": {
    "id_municipio": 1,
    "codigo": "2",
    "descripcion": "Comuna 2"
  }
},
{
  "model": "base.comuna",
  "pk": 3,
  "fields": {
    "id_municipio": 1,
    "codigo": "3",
    "descripcion": "Comuna 3"
  }
},
{
  "model": "base.comuna",
  "pk": 4,
  "fields": {
    "id_municipio": 1,
    "codigo": "4",
    "descripcion": "Comuna 4"
  }
},
{
  "model": "base.comuna",
  "pk": 5,
  "fields": {
    "id_municipio": 1,
    "codigo": "5",
    "descripcion": "Comuna 5"
  }
},
{
  "model": "base.comuna",
  "pk": 6,
  "fields": {
    "id_municipio": 1,
    "codigo": "6",
    "descripcion": "Comuna 6"
  }
},
{
  "model": "base.comuna",
  "pk": 7,
  "fields": {
    "id_municipio": 1,
    "codigo": "7",
    "descripcion": "Comuna 7"
  }
},
{
  "model": "base.comuna",
  "pk": 8,
  "fields": {
    "id_municipio": 1,
    "codigo": "8",
    "descripcion": "Comuna 8"
  }
},
{
  "model": "base.comuna",
  "pk": 9,
  "fields": {
    "id_municipio": 1,
    "codigo": "9",
    "descripcion": "Comuna 9"
  }
},
{
  "model": "base.comuna",
  "pk": 10,
  "fields": {
    "id_municipio": 1,
    "codigo": "10",
    "descripcion": "Comuna 10"
  }
},
{
  "model": "base.barrio",
  "pk": 1,
  "fields": {
    "id_comuna": 2,
    "codigo": "1",
    "descripcion": "Bello Horizonte"
  }
},
{
  "model": "base.barrio",
  "pk": 2,
  "fields": {
    "id_comuna": 2,
    "codigo": "2",
    "descripcion": "La Paz"
  }
},
{
  "model": "base.barrio",
  "pk": 3,
  "fields": {
    "id_comuna": 2,
    "codigo": "3",
    "descripcion": "El Uvo"
  }
},
{
  "model": "base.barrio",
  "pk": 4,
  "fields": {
    "id_comuna": 2,
    "codigo": "4",
    "descripcion": "El placer"
  }
},
{
  "model": "base.barrio",
  "pk": 5,
  "fields": {
    "id_comuna": 5,
    "codigo": "12",
    "descripcion": "Ciudad Jardin"
  }
},
{
  "model": "base.barrio",
  "pk": 6,
  "fields": {
    "id_comuna": 8,
    "codigo": "58",
    "descripcion": "La Maria"
  }
},
{
  "model": "base.estado_grupocasa",
  "pk": 1,
  "fields": {
    "codigo": "A",
    "descripcion": "Activa"
  }
},
{
  "model": "base.estado_grupocasa",
  "pk": 2,
  "fields": {
    "codigo": "P",
    "descripcion": "Pausada"
  }
},
{
  "model": "base.grupocasa",
  "pk": 1,
  "fields": {
    "codigo": "1",
    "descripcion": "Power Cell 1",
    "id_barrio": 2,
    "observacion": "",
    "direccion": "Cra 9 66n-87",
    "dia_semana": 2,
    "hora": "19:30:00",
    "id_miembro": 12,
    "id_estado": 1,
    "creado": "2025-02-26T16:30:08.718Z"
  }
},
{
  "model": "base.grupocasa",
  "pk": 2,
  "fields": {
    "codigo": "2",
    "descripcion": "Power Cell 2",
    "id_barrio": 1,
    "observacion": "",
    "direccion": "CL 64 B N Nro 9 - 57",
    "dia_semana": 2,
    "hora": "19:30:00",
    "id_miembro": 3,
    "id_estado": 1,
    "creado": "2025-02-26T16:30:36.771Z"
  }
},
{
  "model": "base.grupocasa",
  "pk": 3,
  "fields": {
    "codigo": "6",
    "descripcion": "Es un Placer",
    "id_barrio": 4,
    "observacion": "",
    "direccion": "Carrera 17 # 64AN-11",
    "dia_semana": 2,
    "hora": "19:30:00",
    "id_miembro": 14,
    "id_estado": 2,
    "creado": "2025-02-26T16:31:08.563Z"
  }
},
{
  "model": "base.grupocasa",
  "pk": 4,
  "fields": {
    "codigo": "4",
    "descripcion": "En el UVo hay Salvacion",
    "id_barrio": 3,
    "observacion": "",
    "direccion": "CL 64 B N Nro 9 - 57",
    "dia_semana": 2,
    "hora": "19:30:00",
    "id_miembro": 15,
    "id_estado": 1,
    "creado": "2025-02-26T16:31:44.995Z"
  }
},
{
  "model": "base.grupocasa",
  "pk": 5,
  "fields": {
    "codigo": "8",
    "descripcion": "El Jardin de Dios",
    "id_barrio": 5,
    "observacion": "",
    "direccion": "CALLE 41N 9-35",
    "dia_semana": 2,
    "hora": "19:30:00",
    "id_miembro": 13,
    "id_estado": 1,
    "creado": "2025-02-26T16:32:25.012Z"
  }
},
{
  "model": "base.grupocasa",
  "pk": 6,
  "fields": {
    "codigo": "14",
    "descripcion": "En laMaria es y ya",
    "id_barrio": 6,
    "observacion": "",
    "direccion": "Cra 11 66n-42",
    "dia_semana": 4,
    "hora": "19:30:00",
    "id_miembro": 16,
    "id_estado": 1,
    "creado": "2025-02-26T16:33:03.189Z"
  }
},
{
  "model": "auth.permission",
  "fields": {
    "name": "Can add log entry",
    "content_type": [
      "admin",
      "logentry"
    ],
    "codename": "add_logentry"
  }
},
{
  "model": "auth.permission",
  "fields": {
    "name": "Can change log entry",
    "content_type": [
      "admin",
      "logentry"
    ],
    "codename": "change_logentry"
  }
},
{
  "model": "auth.permission",
  "fields": {
    "name": "Can delete log entry",
    "content_type": [
      "admin",
      "logentry"
    ],
    "codename": "delete_logentry"
  }
},
{
  "model": "auth.permission",
  "fields": {
    "name": "Can view log entry",
    "content_type": [
      "admin",
      "logentry"
    ],
    "codename": "view_logentry"
  }
},
{
  "model": "auth.permission",
  "fields": {
    "name": "Can add permission",
    "content_type": [
      "auth",
      "permission"
    ],
    "codename": "add_permission"
  }
},
{
  "model": "auth.permission",
  "fields": {
    "name": "Can change permission",
    "content_type": [
      "auth",
      "permission"
    ],
    "codename": "change_permission"
  }
},
{
  "model": "auth.permission",
  "fields": {
    "name": "Can delete permission",
    "content_type": [
      "auth",
      "permission"
    ],
    "codename": "delete_permission"
  }
},
{
  "model": "auth.permission",
  "fields": {
    "name": "Can view permission",
    "content_type": [
      "auth",
      "permission"
    ],
    "codename": "view_permission"
  }
},
{
  "model": "auth.permission",
  "fields": {
    "name": "Can add group",
    "content_type": [
      "auth",
      "group"
    ],
    "codename": "add_group"
  }
},
{
  "model": "auth.permission",
  "fields": {
    "name": "Can change group",
    "content_type": [
      "auth",
      "group"
    ],
    "codename": "change_group"
  }
},
{
  "model": "auth.permission",
  "fields": {
    "name": "Can delete group",
    "content_type": [
      "auth",
      "group"
    ],
    "codename": "delete_group"
  }
},
{
  "model": "auth.permission",
  "fields": {
    "name": "Can view group",
    "content_type": [
      "auth",
      "group"
    ],
    "codename": "view_group"
  }
},
{
  "model": "auth.permission",
  "fields": {
    "name": "Can add user",
    "content_type": [
      "auth",
      "user"
    ],
    "codename": "add_user"
  }
},
{
  "model": "auth.permission",
  "fields": {
    "name": "Can change user",
    "content_type": [
      "auth",
      "user"
    ],
    "codename": "change_user"
  }
},
{
  "model": "auth.permission",
  "fields": {
    "name": "Can delete user",
    "content_type": [
      "auth",
      "user"
    ],
    "codename": "delete_user"
  }
},
{
  "model": "auth.permission",
  "fields": {
    "name": "Can view user",
    "content_type": [
      "auth",
      "user"
    ],
    "codename": "view_user"
  }
},
{
  "model": "auth.permission",
  "fields": {
    "name": "Can add content type",
    "content_type": [
      "contenttypes",
      "contenttype"
    ],
    "codename": "add_contenttype"
  }
},
{
  "model": "auth.permission",
  "fields": {
    "name": "Can change content type",
    "content_type": [
      "contenttypes",
      "contenttype"
    ],
    "codename": "change_contenttype"
  }
},
{
  "model": "auth.permission",
  "fields": {
    "name": "Can delete content type",
    "content_type": [
      "contenttypes",
      "contenttype"
    ],
    "codename": "delete_contenttype"
  }
},
{
  "model": "auth.permission",
  "fields": {
    "name": "Can view content type",
    "content_type": [
      "contenttypes",
      "contenttype"
    ],
    "codename": "view_contenttype"
  }
},
{
  "model": "auth.permission",
  "fields": {
    "name": "Can add session",
    "content_type": [
      "sessions",
      "session"
    ],
    "codename": "add_session"
  }
},
{
  "model": "auth.permission",
  "fields": {
    "name": "Can change session",
    "content_type": [
      "sessions",
      "session"
    ],
    "codename": "change_session"
  }
},
{
  "model": "auth.permission",
  "fields": {
    "name": "Can delete session",
    "content_type": [
      "sessions",
      "session"
    ],
    "codename": "delete_session"
  }
},
{
  "model": "auth.permission",
  "fields": {
    "name": "Can view session",
    "content_type": [
      "sessions",
      "session"
    ],
    "codename": "view_session"
  }
},
{
  "model": "auth.permission",
  "fields": {
    "name": "Can add iglesia",
    "content_type": [
      "base",
      "iglesia"
    ],
    "codename": "add_iglesia"
  }
},
{
  "model": "auth.permission",
  "fields": {
    "name": "Can change iglesia",
    "content_type": [
      "base",
      "iglesia"
    ],
    "codename": "change_iglesia"
  }
},
{
  "model": "auth.permission",
  "fields": {
    "name": "Can delete iglesia",
    "content_type": [
      "base",
      "iglesia"
    ],
    "codename": "delete_iglesia"
  }
},
{
  "model": "auth.permission",
  "fields": {
    "name": "Can view iglesia",
    "content_type": [
      "base",
      "iglesia"
    ],
    "codename": "view_iglesia"
  }
},
{
  "model": "auth.permission",
  "fields": {
    "name": "Can add usuario_iglesia",
    "content_type": [
      "base",
      "usuario_iglesia"
    ],
    "codename": "add_usuario_iglesia"
  }
},
{
  "model": "auth.permission",
  "fields": {
    "name": "Can change usuario_iglesia",
    "content_type": [
      "base",
      "usuario_iglesia"
    ],
    "codename": "change_usuario_iglesia"
  }
},
{
  "model": "auth.permission",
  "fields": {
    "name": "Can delete usuario_iglesia",
    "content_type": [
      "base",
      "usuario_iglesia"
    ],
    "codename": "delete_usuario_iglesia"
  }
},
{
  "model": "auth.permission",
  "fields": {
    "name": "Can view usuario_iglesia",
    "content_type": [
      "base",
      "usuario_iglesia"
    ],
    "codename": "view_usuario_iglesia"
  }
},
{
  "model": "auth.permission",
  "fields": {
    "name": "Can add categoria_servicio",
    "content_type": [
      "base",
      "categoria_servicio"
    ],
    "codename": "add_categoria_servicio"
  }
},
{
  "model": "auth.permission",
  "fields": {
    "name": "Can change categoria_servicio",
    "content_type": [
      "base",
      "categoria_servicio"
    ],
    "codename": "change_categoria_servicio"
  }
},
{
  "model": "auth.permission",
  "fields": {
    "name": "Can delete categoria_servicio",
    "content_type": [
      "base",
      "categoria_servicio"
    ],
    "codename": "delete_categoria_servicio"
  }
},
{
  "model": "auth.permission",
  "fields": {
    "name": "Can view categoria_servicio",
    "content_type": [
      "base",
      "categoria_servicio"
    ],
    "codename": "view_categoria_servicio"
  }
},
{
  "model": "auth.permission",
  "fields": {
    "name": "Can add miembro",
    "content_type": [
      "base",
      "miembro"
    ],
    "codename": "add_miembro"
  }
},
{
  "model": "auth.permission",
  "fields": {
    "name": "Can change miembro",
    "content_type": [
      "base",
      "miembro"
    ],
    "codename": "change_miembro"
  }
},
{
  "model": "auth.permission",
  "fields": {
    "name": "Can delete miembro",
    "content_type": [
      "base",
      "miembro"
    ],
    "codename": "delete_miembro"
  }
},
{
  "model": "auth.permission",
  "fields": {
    "name": "Can view miembro",
    "content_type": [
      "base",
      "miembro"
    ],
    "codename": "view_miembro"
  }
},
{
  "model": "auth.permission",
  "fields": {
    "name": "Can add ministerio",
    "content_type": [
      "base",
      "ministerio"
    ],
    "codename": "add_ministerio"
  }
},
{
  "model": "auth.permission",
  "fields": {
    "name": "Can change ministerio",
    "content_type": [
      "base",
      "ministerio"
    ],
    "codename": "change_ministerio"
  }
},
{
  "model": "auth.permission",
  "fields": {
    "name": "Can delete ministerio",
    "content_type": [
      "base",
      "ministerio"
    ],
    "codename": "delete_ministerio"
  }
},
{
  "model": "auth.permission",
  "fields": {
    "name": "Can view ministerio",
    "content_type": [
      "base",
      "ministerio"
    ],
    "codename": "view_ministerio"
  }
},
{
  "model": "auth.permission",
  "fields": {
    "name": "Can add rol_ministerio",
    "content_type": [
      "base",
      "rol_ministerio"
    ],
    "codename": "add_rol_ministerio"
  }
},
{
  "model": "auth.permission",
  "fields": {
    "name": "Can change rol_ministerio",
    "content_type": [
      "base",
      "rol_ministerio"
    ],
    "codename": "change_rol_ministerio"
  }
},
{
  "model": "auth.permission",
  "fields": {
    "name": "Can delete rol_ministerio",
    "content_type": [
      "base",
      "rol_ministerio"
    ],
    "codename": "delete_rol_ministerio"
  }
},
{
  "model": "auth.permission",
  "fields": {
    "name": "Can view rol_ministerio",
    "content_type": [
      "base",
      "rol_ministerio"
    ],
    "codename": "view_rol_ministerio"
  }
},
{
  "model": "auth.permission",
  "fields": {
    "name": "Can add miembro_ministerio",
    "content_type": [
      "base",
      "miembro_ministerio"
    ],
    "codename": "add_miembro_ministerio"
  }
},
{
  "model": "auth.permission",
  "fields": {
    "name": "Can change miembro_ministerio",
    "content_type": [
      "base",
      "miembro_ministerio"
    ],
    "codename": "change_miembro_ministerio"
  }
},
{
  "model": "auth.permission",
  "fields": {
    "name": "Can delete miembro_ministerio",
    "content_type": [
      "base",
      "miembro_ministerio"
    ],
    "codename": "delete_miembro_ministerio"
  }
},
{
  "model": "auth.permission",
  "fields": {
    "name": "Can view miembro_ministerio",
    "content_type": [
      "base",
      "miembro_ministerio"
    ],
    "codename": "view_miembro_ministerio"
  }
},
{
  "model": "auth.permission",
  "fields": {
    "name": "Can add servicio",
    "content_type": [
      "base",
      "servicio"
    ],
    "codename": "add_servicio"
  }
},
{
  "model": "auth.permission",
  "fields": {
    "name": "Can change servicio",
    "content_type": [
      "base",
      "servicio"
    ],
    "codename": "change_servicio"
  }
},
{
  "model": "auth.permission",
  "fields": {
    "name": "Can delete servicio",
    "content_type": [
      "base",
      "servicio"
    ],
    "codename": "delete_servicio"
  }
},
{
  "model": "auth.permission",
  "fields": {
    "name": "Can view servicio",
    "content_type": [
      "base",
      "servicio"
    ],
    "codename": "view_servicio"
  }
},
{
  "model": "auth.permission",
  "fields": {
    "name": "Can add participante_servicio",
    "content_type": [
      "base",
      "participante_servicio"
    ],
    "codename": "add_participante_servicio"
  }
},
{
  "model": "auth.permission",
  "fields": {
    "name": "Can change participante_servicio",
    "content_type": [
      "base",
      "participante_servicio"
    ],
    "codename": "change_participante_servicio"
  }
},
{
  "model": "auth.permission",
  "fields": {
    "name": "Can delete participante_servicio",
    "content_type": [
      "base",
      "participante_servicio"
    ],
    "codename": "delete_participante_servicio"
  }
},
{
  "model": "auth.permission",
  "fields": {
    "name": "Can view participante_servicio",
    "content_type": [
      "base",
      "participante_servicio"
    ],
    "codename": "view_participante_servicio"
  }
},
{
  "model": "auth.permission",
  "fields": {
    "name": "Can add participante servicio",
    "content_type": [
      "base",
      "participanteservicio"
    ],
    "codename": "add_participanteservicio"
  }
},
{
  "model": "auth.permission",
  "fields": {
    "name": "Can change participante servicio",
    "content_type": [
      "base",
      "participanteservicio"
    ],
    "codename": "change_participanteservicio"
  }
},
{
  "model": "auth.permission",
  "fields": {
    "name": "Can delete participante servicio",
    "content_type": [
      "base",
      "participanteservicio"
    ],
    "codename": "delete_participanteservicio"
  }
},
{
  "model": "auth.permission",
  "fields": {
    "name": "Can view participante servicio",
    "content_type": [
      "base",
      "participanteservicio"
    ],
    "codename": "view_participanteservicio"
  }
},
{
  "model": "auth.permission",
  "fields": {
    "name": "Can add pais",
    "content_type": [
      "base",
      "pais"
    ],
    "codename": "add_pais"
  }
},
{
  "model": "auth.permission",
  "fields": {
    "name": "Can change pais",
    "content_type": [
      "base",
      "pais"
    ],
    "codename": "change_pais"
  }
},
{
  "model": "auth.permission",
  "fields": {
    "name": "Can delete pais",
    "content_type": [
      "base",
      "pais"
    ],
    "codename": "delete_pais"
  }
},
{
  "model": "auth.permission",
  "fields": {
    "name": "Can view pais",
    "content_type": [
      "base",
      "pais"
    ],
    "codename": "view_pais"
  }
},
{
  "model": "auth.permission",
  "fields": {
    "name": "Can add comuna",
    "content_type": [
      "base",
      "comuna"
    ],
    "codename": "add_comuna"
  }
},
{
  "model": "auth.permission",
  "fields": {
    "name": "Can change comuna",
    "content_type": [
      "base",
      "comuna"
    ],
    "codename": "change_comuna"
  }
},
{
  "model": "auth.permission",
  "fields": {
    "name": "Can delete comuna",
    "content_type": [
      "base",
      "comuna"
    ],
    "codename": "delete_comuna"
  }
},
{
  "model": "auth.permission",
  "fields": {
    "name": "Can view comuna",
    "content_type": [
      "base",
      "comuna"
    ],
    "codename": "view_comuna"
  }
},
{
  "model": "auth.permission",
  "fields": {
    "name": "Can add municipio",
    "content_type": [
      "base",
      "municipio"
    ],
    "codename": "add_municipio"
  }
},
{
  "model": "auth.permission",
  "fields": {
    "name": "Can change municipio",
    "content_type": [
      "base",
      "municipio"
    ],
    "codename": "change_municipio"
  }
},
{
  "model": "auth.permission",
  "fields": {
    "name": "Can delete municipio",
    "content_type": [
      "base",
      "municipio"
    ],
    "codename": "delete_municipio"
  }
},
{
  "model": "auth.permission",
  "fields": {
    "name": "Can view municipio",
    "content_type": [
      "base",
      "municipio"
    ],
    "codename": "view_municipio"
  }
},
{
  "model": "auth.permission",
  "fields": {
    "name": "Can add estado_grupo casa",
    "content_type": [
      "base",
      "estado_grupocasa"
    ],
    "codename": "add_estado_grupocasa"
  }
},
{
  "model": "auth.permission",
  "fields": {
    "name": "Can change estado_grupo casa",
    "content_type": [
      "base",
      "estado_grupocasa"
    ],
    "codename": "change_estado_grupocasa"
  }
},
{
  "model": "auth.permission",
  "fields": {
    "name": "Can delete estado_grupo casa",
    "content_type": [
      "base",
      "estado_grupocasa"
    ],
    "codename": "delete_estado_grupocasa"
  }
},
{
  "model": "auth.permission",
  "fields": {
    "name": "Can view estado_grupo casa",
    "content_type": [
      "base",
      "estado_grupocasa"
    ],
    "codename": "view_estado_grupocasa"
  }
},
{
  "model": "auth.permission",
  "fields": {
    "name": "Can add barrio",
    "content_type": [
      "base",
      "barrio"
    ],
    "codename": "add_barrio"
  }
},
{
  "model": "auth.permission",
  "fields": {
    "name": "Can change barrio",
    "content_type": [
      "base",
      "barrio"
    ],
    "codename": "change_barrio"
  }
},
{
  "model": "auth.permission",
  "fields": {
    "name": "Can delete barrio",
    "content_type": [
      "base",
      "barrio"
    ],
    "codename": "delete_barrio"
  }
},
{
  "model": "auth.permission",
  "fields": {
    "name": "Can view barrio",
    "content_type": [
      "base",
      "barrio"
    ],
    "codename": "view_barrio"
  }
},
{
  "model": "auth.permission",
  "fields": {
    "name": "Can add grupo casa",
    "content_type": [
      "base",
      "grupocasa"
    ],
    "codename": "add_grupocasa"
  }
},
{
  "model": "auth.permission",
  "fields": {
    "name": "Can change grupo casa",
    "content_type": [
      "base",
      "grupocasa"
    ],
    "codename": "change_grupocasa"
  }
},
{
  "model": "auth.permission",
  "fields": {
    "name": "Can delete grupo casa",
    "content_type": [
      "base",
      "grupocasa"
    ],
    "codename": "delete_grupocasa"
  }
},
{
  "model": "auth.permission",
  "fields": {
    "name": "Can view grupo casa",
    "content_type": [
      "base",
      "grupocasa"
    ],
    "codename": "view_grupocasa"
  }
},
{
  "model": "auth.permission",
  "fields": {
    "name": "Can add departamento",
    "content_type": [
      "base",
      "departamento"
    ],
    "codename": "add_departamento"
  }
},
{
  "model": "auth.permission",
  "fields": {
    "name": "Can change departamento",
    "content_type": [
      "base",
      "departamento"
    ],
    "codename": "change_departamento"
  }
},
{
  "model": "auth.permission",
  "fields": {
    "name": "Can delete departamento",
    "content_type": [
      "base",
      "departamento"
    ],
    "codename": "delete_departamento"
  }
},
{
  "model": "auth.permission",
  "fields": {
    "name": "Can view departamento",
    "content_type": [
      "base",
      "departamento"
    ],
    "codename": "view_departamento"
  }
},
{
  "model": "auth.user",
  "fields": {
    "password": "pbkdf2_sha256$870000$fsjQAMRNbpYAli9kpVA3Ei$D6ntYcYhEGNbl4vdqFDdg/C15F649Ftg659UYEdOvts=",
    "last_login": "2025-02-27T00:50:17.145Z",
    "is_superuser": true,
    "username": "jam",
    "first_name": "",
    "last_name": "",
    "email": "jorgeamadrid@gmail.com",
    "is_staff": true,
    "is_active": true,
    "date_joined": "2025-02-13T20:00:11.641Z",
    "groups": [],
    "user_permissions": []
  }
},
{
  "model": "auth.user",
  "fields": {
    "password": "pbkdf2_sha256$870000$M5ohyF1dVwwhhB9DEKXHBg$0pG1KOMNQ6l7Uilz/Cf0+mfWaQ7ACaCLN+qpKXytE7s=",
    "last_login": "2025-02-26T17:35:00.125Z",
    "is_superuser": false,
    "username": "jmadrid",
    "first_name": "Jorge",
    "last_name": "Madrid",
    "email": "",
    "is_staff": false,
    "is_active": true,
    "date_joined": "2025-02-13T22:29:04Z",
    "groups": [],
    "user_permissions": []
  }
},
{
  "model": "auth.user",
  "fields": {
    "password": "pbkdf2_sha256$870000$uLHMpNgcSYuoNo3n8LuvZ0$ueV4Fj3jVMgx/GTeeB/fE/iOERvlfjTCX5H+8rB0ITw=",
    "last_login": "2025-02-26T17:00:21.222Z",
    "is_superuser": false,
    "username": "gustavo",
    "first_name": "Gustavo",
    "last_name": "Jimenez",
    "email": "",
    "is_staff": false,
    "is_active": true,
    "date_joined": "2025-02-14T03:08:50Z",
    "groups": [],
    "user_permissions": []
  }
},
{
  "model": "auth.user",
  "fields": {
    "password": "pbkdf2_sha256$870000$l9g1N8BRLX1AGjL9fASGKF$H3WUKer5SlBOVSv/emSP1OTPM1CnkTNDxXFRDqwK41w=",
    "last_login": "2025-02-26T17:35:18.298Z",
    "is_superuser": false,
    "username": "admin",
    "first_name": "Administradora",
    "last_name": "",
    "email": "",
    "is_staff": false,
    "is_active": true,
    "date_joined": "2025-02-14T22:45:05Z",
    "groups": [],
    "user_permissions": []
  }
},
{
  "model": "auth.user",
  "fields": {
    "password": "pbkdf2_sha256$870000$TKx4pGODVt8sz4Dgoh5xDa$IajbAzkjr9Z0Gw1iRBdjjpdHAByrP8zCAJ5XvFWzUns=",
    "last_login": null,
    "is_superuser": false,
    "username": "anlopez",
    "first_name": "Angie",
    "last_name": "Lopez",
    "email": "",
    "is_staff": false,
    "is_active": true,
    "date_joined": "2025-02-19T03:53:23Z",
    "groups": [],
    "user_permissions": []
  }
},
{
  "model": "auth.user",
  "fields": {
    "password": "pbkdf2_sha256$870000$iDj1vscsR38raTcECPjxJH$1FjuWHXMWbffwbEylEtH55uqNVINpSFpbLZOA1NDKys=",
    "last_login": "2025-02-26T17:24:48.124Z",
    "is_superuser": false,
    "username": "Angelavar1387",
    "first_name": "Angela",
    "last_name": "Vargas",
    "email": "angelavar04@gmail.com",
    "is_staff": false,
    "is_active": true,
    "date_joined": "2025-02-26T17:23:26.580Z",
    "groups": [],
    "user_permissions": []
  }
},
{
  "model": "base.usuario_iglesia",
  "pk": 1,
  "fields": {
    "id_iglesia": 1,
    "id_usuario": [
      "jmadrid"
    ],
    "superusuario": false,
    "creado": "2025-02-13T22:41:59.545Z"
  }
},
{
  "model": "base.usuario_iglesia",
  "pk": 2,
  "fields": {
    "id_iglesia": 1,
    "id_usuario": [
      "gustavo"
    ],
    "superusuario": false,
    "creado": "2025-02-14T22:46:00.921Z"
  }
},
{
  "model": "base.usuario_iglesia",
  "pk": 3,
  "fields": {
    "id_iglesia": 1,
    "id_usuario": [
      "admin"
    ],
    "superusuario": true,
    "creado": "2025-02-14T22:46:11.544Z"
  }
},
{
  "model": "base.usuario_iglesia",
  "pk": 4,
  "fields": {
    "id_iglesia": 2,
    "id_usuario": [
      "anlopez"
    ],
    "superusuario": true,
    "creado": "2025-02-19T03:53:50.370Z"
  }
},
{
  "model": "base.usuario_iglesia",
  "pk": 11,
  "fields": {
    "id_iglesia": 1,
    "id_usuario": [
      "Angelavar1387"
    ],
    "superusuario": false,
    "creado": "2025-02-26T17:24:36.980Z"
  }
},
{
  "model": "base.ministerio",
  "pk": 1,
  "fields": {
    "descripcion": "Alabanza",
    "observacion": "",
    "creado": "2025-02-14T00:50:05.461Z",
    "id_usuario": [
      "jmadrid"
    ]
  }
},
{
  "model": "base.ministerio",
  "pk": 2,
  "fields": {
    "descripcion": "Comunicaciones",
    "observacion": "Comunicar",
    "creado": "2025-02-14T00:57:48.192Z",
    "id_usuario": [
      "jmadrid"
    ]
  }
},
{
  "model": "base.ministerio",
  "pk": 3,
  "fields": {
    "descripcion": "Sonido",
    "observacion": "",
    "creado": "2025-02-19T03:54:48.392Z",
    "id_usuario": [
      "anlopez"
    ]
  }
},
{
  "model": "base.ministerio",
  "pk": 6,
  "fields": {
    "descripcion": "Ujieres",
    "observacion": "",
    "creado": "2025-02-25T22:56:58.968Z",
    "id_usuario": [
      "gustavo"
    ]
  }
},
{
  "model": "base.ministerio",
  "pk": 7,
  "fields": {
    "descripcion": "Atencion",
    "observacion": "",
    "creado": "2025-02-26T12:52:45.658Z",
    "id_usuario": [
      "admin"
    ]
  }
},
{
  "model": "base.ministerio",
  "pk": 8,
  "fields": {
    "descripcion": "Punto de Informacion",
    "observacion": "",
    "creado": "2025-02-26T17:26:49.481Z",
    "id_usuario": [
      "Angelavar1387"
    ]
  }
},
{
  "model": "admin.logentry",
  "pk": 1,
  "fields": {
    "action_time": "2025-02-13T21:41:56.191Z",
    "user": [
      "jam"
    ],
    "content_type": [
      "auth",
      "user"
    ],
    "object_id": "2",
    "object_repr": "jmadrid",
    "action_flag": 3,
    "change_message": ""
  }
},
{
  "model": "admin.logentry",
  "pk": 2,
  "fields": {
    "action_time": "2025-02-13T21:48:11.518Z",
    "user": [
      "jam"
    ],
    "content_type": [
      "auth",
      "user"
    ],
    "object_id": "3",
    "object_repr": "jmadrid",
    "action_flag": 3,
    "change_message": ""
  }
},
{
  "model": "admin.logentry",
  "pk": 3,
  "fields": {
    "action_time": "2025-02-13T22:24:25.396Z",
    "user": [
      "jam"
    ],
    "content_type": [
      "auth",
      "user"
    ],
    "object_id": "4",
    "object_repr": "jmadrid",
    "action_flag": 3,
    "change_message": ""
  }
},
{
  "model": "admin.logentry",
  "pk": 4,
  "fields": {
    "action_time": "2025-02-13T22:36:56.006Z",
    "user": [
      "jam"
    ],
    "content_type": [
      "base",
      "iglesia"
    ],
    "object_id": "1",
    "object_repr": "Presbiteriana Popayan",
    "action_flag": 1,
    "change_message": "[{\"added\": {}}]"
  }
},
{
  "model": "admin.logentry",
  "pk": 5,
  "fields": {
    "action_time": "2025-02-13T22:37:07.794Z",
    "user": [
      "jam"
    ],
    "content_type": [
      "base",
      "iglesia"
    ],
    "object_id": "2",
    "object_repr": "Presbiteriana Morales",
    "action_flag": 1,
    "change_message": "[{\"added\": {}}]"
  }
},
{
  "model": "admin.logentry",
  "pk": 6,
  "fields": {
    "action_time": "2025-02-13T22:37:21.357Z",
    "user": [
      "jam"
    ],
    "content_type": [
      "base",
      "iglesia"
    ],
    "object_id": "1",
    "object_repr": "Jesucristo es la Solucion Popayan",
    "action_flag": 2,
    "change_message": "[{\"changed\": {\"fields\": [\"Nombre\"]}}]"
  }
},
{
  "model": "admin.logentry",
  "pk": 7,
  "fields": {
    "action_time": "2025-02-13T22:41:59.548Z",
    "user": [
      "jam"
    ],
    "content_type": [
      "base",
      "usuario_iglesia"
    ],
    "object_id": "1",
    "object_repr": "jmadrid",
    "action_flag": 1,
    "change_message": "[{\"added\": {}}]"
  }
},
{
  "model": "admin.logentry",
  "pk": 8,
  "fields": {
    "action_time": "2025-02-14T00:49:37.704Z",
    "user": [
      "jam"
    ],
    "content_type": [
      "base",
      "usuario_iglesia"
    ],
    "object_id": "1",
    "object_repr": "Jesucristo es la Solucion Popayan - jmadrid",
    "action_flag": 2,
    "change_message": "[{\"changed\": {\"fields\": [\"Superusuario\"]}}]"
  }
},
{
  "model": "admin.logentry",
  "pk": 9,
  "fields": {
    "action_time": "2025-02-14T00:50:05.463Z",
    "user": [
      "jam"
    ],
    "content_type": [
      "base",
      "ministerio"
    ],
    "object_id": "1",
    "object_repr": "Alabanza",
    "action_flag": 1,
    "change_message": "[{\"added\": {}}]"
  }
},
{
  "model": "admin.logentry",
  "pk": 10,
  "fields": {
    "action_time": "2025-02-14T00:54:40.905Z",
    "user": [
      "jam"
    ],
    "content_type": [
      "base",
      "rol_ministerio"
    ],
    "object_id": "1",
    "object_repr": "Alabanza - Baterista",
    "action_flag": 1,
    "change_message": "[{\"added\": {}}]"
  }
},
{
  "model": "admin.logentry",
  "pk": 11,
  "fields": {
    "action_time": "2025-02-14T00:55:02.975Z",
    "user": [
      "jam"
    ],
    "content_type": [
      "base",
      "rol_ministerio"
    ],
    "object_id": "2",
    "object_repr": "Alabanza - Bajista",
    "action_flag": 1,
    "change_message": "[{\"added\": {}}]"
  }
},
{
  "model": "admin.logentry",
  "pk": 12,
  "fields": {
    "action_time": "2025-02-14T00:56:09.194Z",
    "user": [
      "jam"
    ],
    "content_type": [
      "base",
      "rol_ministerio"
    ],
    "object_id": "3",
    "object_repr": "Alabanza - Guitarrista Elec.",
    "action_flag": 1,
    "change_message": "[{\"added\": {}}]"
  }
},
{
  "model": "admin.logentry",
  "pk": 13,
  "fields": {
    "action_time": "2025-02-14T00:56:26.615Z",
    "user": [
      "jam"
    ],
    "content_type": [
      "base",
      "rol_ministerio"
    ],
    "object_id": "4",
    "object_repr": "Alabanza - Guitarrista Acus",
    "action_flag": 1,
    "change_message": "[{\"added\": {}}]"
  }
},
{
  "model": "admin.logentry",
  "pk": 14,
  "fields": {
    "action_time": "2025-02-14T00:56:37.643Z",
    "user": [
      "jam"
    ],
    "content_type": [
      "base",
      "rol_ministerio"
    ],
    "object_id": "5",
    "object_repr": "Alabanza - Pianista",
    "action_flag": 1,
    "change_message": "[{\"added\": {}}]"
  }
},
{
  "model": "admin.logentry",
  "pk": 15,
  "fields": {
    "action_time": "2025-02-14T00:56:50.510Z",
    "user": [
      "jam"
    ],
    "content_type": [
      "base",
      "rol_ministerio"
    ],
    "object_id": "6",
    "object_repr": "Alabanza - Saxo",
    "action_flag": 1,
    "change_message": "[{\"added\": {}}]"
  }
},
{
  "model": "admin.logentry",
  "pk": 16,
  "fields": {
    "action_time": "2025-02-14T00:57:04.576Z",
    "user": [
      "jam"
    ],
    "content_type": [
      "base",
      "rol_ministerio"
    ],
    "object_id": "7",
    "object_repr": "Alabanza - Voz lider",
    "action_flag": 1,
    "change_message": "[{\"added\": {}}]"
  }
},
{
  "model": "admin.logentry",
  "pk": 17,
  "fields": {
    "action_time": "2025-02-14T00:57:13.851Z",
    "user": [
      "jam"
    ],
    "content_type": [
      "base",
      "rol_ministerio"
    ],
    "object_id": "8",
    "object_repr": "Alabanza - Coro",
    "action_flag": 1,
    "change_message": "[{\"added\": {}}]"
  }
},
{
  "model": "admin.logentry",
  "pk": 18,
  "fields": {
    "action_time": "2025-02-14T00:57:48.193Z",
    "user": [
      "jam"
    ],
    "content_type": [
      "base",
      "ministerio"
    ],
    "object_id": "2",
    "object_repr": "Comunicaciones",
    "action_flag": 1,
    "change_message": "[{\"added\": {}}]"
  }
},
{
  "model": "admin.logentry",
  "pk": 19,
  "fields": {
    "action_time": "2025-02-14T00:58:16.616Z",
    "user": [
      "jam"
    ],
    "content_type": [
      "base",
      "categoria_servicio"
    ],
    "object_id": "1",
    "object_repr": "Dominical General",
    "action_flag": 1,
    "change_message": "[{\"added\": {}}]"
  }
},
{
  "model": "admin.logentry",
  "pk": 20,
  "fields": {
    "action_time": "2025-02-14T00:58:35.560Z",
    "user": [
      "jam"
    ],
    "content_type": [
      "base",
      "categoria_servicio"
    ],
    "object_id": "2",
    "object_repr": "Dominical Infantil",
    "action_flag": 1,
    "change_message": "[{\"added\": {}}]"
  }
},
{
  "model": "admin.logentry",
  "pk": 21,
  "fields": {
    "action_time": "2025-02-14T00:58:52.547Z",
    "user": [
      "jam"
    ],
    "content_type": [
      "base",
      "categoria_servicio"
    ],
    "object_id": "3",
    "object_repr": "Servicio Martes",
    "action_flag": 1,
    "change_message": "[{\"added\": {}}]"
  }
},
{
  "model": "admin.logentry",
  "pk": 22,
  "fields": {
    "action_time": "2025-02-14T00:59:02.742Z",
    "user": [
      "jam"
    ],
    "content_type": [
      "base",
      "categoria_servicio"
    ],
    "object_id": "4",
    "object_repr": "Alborada martes",
    "action_flag": 1,
    "change_message": "[{\"added\": {}}]"
  }
},
{
  "model": "admin.logentry",
  "pk": 23,
  "fields": {
    "action_time": "2025-02-14T00:59:15.709Z",
    "user": [
      "jam"
    ],
    "content_type": [
      "base",
      "categoria_servicio"
    ],
    "object_id": "5",
    "object_repr": "Alborada jueves",
    "action_flag": 1,
    "change_message": "[{\"added\": {}}]"
  }
},
{
  "model": "admin.logentry",
  "pk": 24,
  "fields": {
    "action_time": "2025-02-14T00:59:30.166Z",
    "user": [
      "jam"
    ],
    "content_type": [
      "base",
      "categoria_servicio"
    ],
    "object_id": "6",
    "object_repr": "Parejas",
    "action_flag": 1,
    "change_message": "[{\"added\": {}}]"
  }
},
{
  "model": "admin.logentry",
  "pk": 25,
  "fields": {
    "action_time": "2025-02-14T00:59:39.290Z",
    "user": [
      "jam"
    ],
    "content_type": [
      "base",
      "categoria_servicio"
    ],
    "object_id": "7",
    "object_repr": "Mujeres",
    "action_flag": 1,
    "change_message": "[{\"added\": {}}]"
  }
},
{
  "model": "admin.logentry",
  "pk": 26,
  "fields": {
    "action_time": "2025-02-14T00:59:58.751Z",
    "user": [
      "jam"
    ],
    "content_type": [
      "base",
      "categoria_servicio"
    ],
    "object_id": "8",
    "object_repr": "Power Night",
    "action_flag": 1,
    "change_message": "[{\"added\": {}}]"
  }
},
{
  "model": "admin.logentry",
  "pk": 27,
  "fields": {
    "action_time": "2025-02-14T01:00:17.716Z",
    "user": [
      "jam"
    ],
    "content_type": [
      "base",
      "categoria_servicio"
    ],
    "object_id": "9",
    "object_repr": "Congreso Hombres",
    "action_flag": 1,
    "change_message": "[{\"added\": {}}]"
  }
},
{
  "model": "admin.logentry",
  "pk": 28,
  "fields": {
    "action_time": "2025-02-14T01:00:28.025Z",
    "user": [
      "jam"
    ],
    "content_type": [
      "base",
      "categoria_servicio"
    ],
    "object_id": "10",
    "object_repr": "Congreso Jovenes",
    "action_flag": 1,
    "change_message": "[{\"added\": {}}]"
  }
},
{
  "model": "admin.logentry",
  "pk": 29,
  "fields": {
    "action_time": "2025-02-14T01:02:52.761Z",
    "user": [
      "jam"
    ],
    "content_type": [
      "base",
      "servicio"
    ],
    "object_id": "1",
    "object_repr": "La sabiduria",
    "action_flag": 1,
    "change_message": "[{\"added\": {}}]"
  }
},
{
  "model": "admin.logentry",
  "pk": 30,
  "fields": {
    "action_time": "2025-02-14T01:03:11.984Z",
    "user": [
      "jam"
    ],
    "content_type": [
      "base",
      "servicio"
    ],
    "object_id": "1",
    "object_repr": "La sabiduria 1",
    "action_flag": 2,
    "change_message": "[{\"changed\": {\"fields\": [\"Descripcion\"]}}]"
  }
},
{
  "model": "admin.logentry",
  "pk": 31,
  "fields": {
    "action_time": "2025-02-14T01:03:44.401Z",
    "user": [
      "jam"
    ],
    "content_type": [
      "base",
      "servicio"
    ],
    "object_id": "2",
    "object_repr": "Oracion sabiduria 1",
    "action_flag": 1,
    "change_message": "[{\"added\": {}}]"
  }
},
{
  "model": "admin.logentry",
  "pk": 32,
  "fields": {
    "action_time": "2025-02-14T01:06:04.313Z",
    "user": [
      "jam"
    ],
    "content_type": [
      "base",
      "servicio"
    ],
    "object_id": "3",
    "object_repr": "2025-02-18 - Estudio Sabiduria 1 ",
    "action_flag": 1,
    "change_message": "[{\"added\": {}}]"
  }
},
{
  "model": "admin.logentry",
  "pk": 33,
  "fields": {
    "action_time": "2025-02-14T01:06:25.502Z",
    "user": [
      "jam"
    ],
    "content_type": [
      "base",
      "servicio"
    ],
    "object_id": "4",
    "object_repr": "2025-02-20 - Oracion de estudio Estudio Sabiduria 1 ",
    "action_flag": 1,
    "change_message": "[{\"added\": {}}]"
  }
},
{
  "model": "admin.logentry",
  "pk": 34,
  "fields": {
    "action_time": "2025-02-14T01:07:13.173Z",
    "user": [
      "jam"
    ],
    "content_type": [
      "base",
      "servicio"
    ],
    "object_id": "5",
    "object_repr": "2025-02-22 - Rencauche ",
    "action_flag": 1,
    "change_message": "[{\"added\": {}}]"
  }
},
{
  "model": "admin.logentry",
  "pk": 35,
  "fields": {
    "action_time": "2025-02-14T01:07:40.734Z",
    "user": [
      "jam"
    ],
    "content_type": [
      "base",
      "servicio"
    ],
    "object_id": "6",
    "object_repr": "2025-02-23 - Sabiduria 2 ",
    "action_flag": 1,
    "change_message": "[{\"added\": {}}]"
  }
},
{
  "model": "admin.logentry",
  "pk": 36,
  "fields": {
    "action_time": "2025-02-14T01:08:53.051Z",
    "user": [
      "jam"
    ],
    "content_type": [
      "base",
      "miembro"
    ],
    "object_id": "1",
    "object_repr": "Jorge Alexis Madrid Pe±a",
    "action_flag": 1,
    "change_message": "[{\"added\": {}}]"
  }
},
{
  "model": "admin.logentry",
  "pk": 37,
  "fields": {
    "action_time": "2025-02-14T01:09:33.295Z",
    "user": [
      "jam"
    ],
    "content_type": [
      "base",
      "miembro"
    ],
    "object_id": "2",
    "object_repr": "Gustavo Jimenez",
    "action_flag": 1,
    "change_message": "[{\"added\": {}}]"
  }
},
{
  "model": "admin.logentry",
  "pk": 38,
  "fields": {
    "action_time": "2025-02-14T01:10:42.982Z",
    "user": [
      "jam"
    ],
    "content_type": [
      "base",
      "miembro_ministerio"
    ],
    "object_id": "1",
    "object_repr": "Jorge Alexis - Alabanza",
    "action_flag": 1,
    "change_message": "[{\"added\": {}}]"
  }
},
{
  "model": "admin.logentry",
  "pk": 39,
  "fields": {
    "action_time": "2025-02-14T01:27:59.948Z",
    "user": [
      "jam"
    ],
    "content_type": [
      "base",
      "miembro"
    ],
    "object_id": "3",
    "object_repr": "Paola Ararat",
    "action_flag": 1,
    "change_message": "[{\"added\": {}}]"
  }
},
{
  "model": "admin.logentry",
  "pk": 40,
  "fields": {
    "action_time": "2025-02-14T01:28:27.954Z",
    "user": [
      "jam"
    ],
    "content_type": [
      "base",
      "miembro"
    ],
    "object_id": "4",
    "object_repr": "Victor Murillo",
    "action_flag": 1,
    "change_message": "[{\"added\": {}}]"
  }
},
{
  "model": "admin.logentry",
  "pk": 41,
  "fields": {
    "action_time": "2025-02-14T01:30:16.698Z",
    "user": [
      "jam"
    ],
    "content_type": [
      "base",
      "miembro"
    ],
    "object_id": "5",
    "object_repr": "Andres Mosquera",
    "action_flag": 1,
    "change_message": "[{\"added\": {}}]"
  }
},
{
  "model": "admin.logentry",
  "pk": 42,
  "fields": {
    "action_time": "2025-02-14T01:31:10.420Z",
    "user": [
      "jam"
    ],
    "content_type": [
      "base",
      "miembro_ministerio"
    ],
    "object_id": "2",
    "object_repr": "Andres - Alabanza",
    "action_flag": 1,
    "change_message": "[{\"added\": {}}]"
  }
},
{
  "model": "admin.logentry",
  "pk": 43,
  "fields": {
    "action_time": "2025-02-14T01:31:19.220Z",
    "user": [
      "jam"
    ],
    "content_type": [
      "base",
      "miembro_ministerio"
    ],
    "object_id": "3",
    "object_repr": "Paola - Alabanza",
    "action_flag": 1,
    "change_message": "[{\"added\": {}}]"
  }
},
{
  "model": "admin.logentry",
  "pk": 44,
  "fields": {
    "action_time": "2025-02-14T01:31:29.941Z",
    "user": [
      "jam"
    ],
    "content_type": [
      "base",
      "miembro_ministerio"
    ],
    "object_id": "4",
    "object_repr": "Victor - Alabanza",
    "action_flag": 1,
    "change_message": "[{\"added\": {}}]"
  }
},
{
  "model": "admin.logentry",
  "pk": 45,
  "fields": {
    "action_time": "2025-02-14T01:32:09.353Z",
    "user": [
      "jam"
    ],
    "content_type": [
      "base",
      "miembro"
    ],
    "object_id": "6",
    "object_repr": "Somin Palacios",
    "action_flag": 1,
    "change_message": "[{\"added\": {}}]"
  }
},
{
  "model": "admin.logentry",
  "pk": 46,
  "fields": {
    "action_time": "2025-02-14T01:32:51.065Z",
    "user": [
      "jam"
    ],
    "content_type": [
      "base",
      "rol_ministerio"
    ],
    "object_id": "9",
    "object_repr": "Comunicaciones - Camara",
    "action_flag": 1,
    "change_message": "[{\"added\": {}}]"
  }
},
{
  "model": "admin.logentry",
  "pk": 47,
  "fields": {
    "action_time": "2025-02-14T01:33:07.507Z",
    "user": [
      "jam"
    ],
    "content_type": [
      "base",
      "rol_ministerio"
    ],
    "object_id": "10",
    "object_repr": "Comunicaciones - Editor foto",
    "action_flag": 1,
    "change_message": "[{\"added\": {}}]"
  }
},
{
  "model": "admin.logentry",
  "pk": 48,
  "fields": {
    "action_time": "2025-02-14T01:33:24.226Z",
    "user": [
      "jam"
    ],
    "content_type": [
      "base",
      "rol_ministerio"
    ],
    "object_id": "11",
    "object_repr": "Comunicaciones - Video creativo",
    "action_flag": 1,
    "change_message": "[{\"added\": {}}]"
  }
},
{
  "model": "admin.logentry",
  "pk": 49,
  "fields": {
    "action_time": "2025-02-14T01:33:46.303Z",
    "user": [
      "jam"
    ],
    "content_type": [
      "base",
      "miembro_ministerio"
    ],
    "object_id": "5",
    "object_repr": "Somin - Alabanza",
    "action_flag": 1,
    "change_message": "[{\"added\": {}}]"
  }
},
{
  "model": "admin.logentry",
  "pk": 50,
  "fields": {
    "action_time": "2025-02-14T01:34:10.356Z",
    "user": [
      "jam"
    ],
    "content_type": [
      "base",
      "miembro_ministerio"
    ],
    "object_id": "6",
    "object_repr": "Somin - Comunicaciones",
    "action_flag": 1,
    "change_message": "[{\"added\": {}}]"
  }
},
{
  "model": "admin.logentry",
  "pk": 51,
  "fields": {
    "action_time": "2025-02-14T02:56:29.126Z",
    "user": [
      "jam"
    ],
    "content_type": [
      "base",
      "participanteservicio"
    ],
    "object_id": "1",
    "object_repr": "2025-02-16 Dominical General - Jorge Alexis Madrid Pe±a",
    "action_flag": 1,
    "change_message": "[{\"added\": {}}]"
  }
},
{
  "model": "admin.logentry",
  "pk": 52,
  "fields": {
    "action_time": "2025-02-14T02:56:55.681Z",
    "user": [
      "jam"
    ],
    "content_type": [
      "base",
      "participanteservicio"
    ],
    "object_id": "2",
    "object_repr": "2025-02-16 Dominical General - Somin Palacios",
    "action_flag": 1,
    "change_message": "[{\"added\": {}}]"
  }
},
{
  "model": "admin.logentry",
  "pk": 53,
  "fields": {
    "action_time": "2025-02-14T02:57:54.044Z",
    "user": [
      "jam"
    ],
    "content_type": [
      "base",
      "participanteservicio"
    ],
    "object_id": "3",
    "object_repr": "2025-02-16 Dominical General - Somin Palacios",
    "action_flag": 1,
    "change_message": "[{\"added\": {}}]"
  }
},
{
  "model": "admin.logentry",
  "pk": 54,
  "fields": {
    "action_time": "2025-02-14T03:12:16.203Z",
    "user": [
      "jam"
    ],
    "content_type": [
      "base",
      "usuario_iglesia"
    ],
    "object_id": "1",
    "object_repr": "Presbiteriana Morales - jmadrid",
    "action_flag": 2,
    "change_message": "[{\"changed\": {\"fields\": [\"Id iglesia\"]}}]"
  }
},
{
  "model": "admin.logentry",
  "pk": 55,
  "fields": {
    "action_time": "2025-02-14T03:12:46.973Z",
    "user": [
      "jam"
    ],
    "content_type": [
      "base",
      "usuario_iglesia"
    ],
    "object_id": "1",
    "object_repr": "Jesucristo es la Solucion Popayan - jmadrid",
    "action_flag": 2,
    "change_message": "[{\"changed\": {\"fields\": [\"Id iglesia\"]}}]"
  }
},
{
  "model": "admin.logentry",
  "pk": 56,
  "fields": {
    "action_time": "2025-02-14T16:27:31.203Z",
    "user": [
      "jam"
    ],
    "content_type": [
      "base",
      "categoria_servicio"
    ],
    "object_id": "1",
    "object_repr": "Dominical General",
    "action_flag": 2,
    "change_message": "[{\"changed\": {\"fields\": [\"Id iglesia\"]}}]"
  }
},
{
  "model": "admin.logentry",
  "pk": 57,
  "fields": {
    "action_time": "2025-02-14T16:27:36.187Z",
    "user": [
      "jam"
    ],
    "content_type": [
      "base",
      "categoria_servicio"
    ],
    "object_id": "9",
    "object_repr": "Congreso Hombres",
    "action_flag": 2,
    "change_message": "[{\"changed\": {\"fields\": [\"Id iglesia\"]}}]"
  }
},
{
  "model": "admin.logentry",
  "pk": 58,
  "fields": {
    "action_time": "2025-02-14T16:27:40.539Z",
    "user": [
      "jam"
    ],
    "content_type": [
      "base",
      "categoria_servicio"
    ],
    "object_id": "10",
    "object_repr": "Congreso Jovenes",
    "action_flag": 2,
    "change_message": "[{\"changed\": {\"fields\": [\"Id iglesia\"]}}]"
  }
},
{
  "model": "admin.logentry",
  "pk": 59,
  "fields": {
    "action_time": "2025-02-14T16:27:57.099Z",
    "user": [
      "jam"
    ],
    "content_type": [
      "base",
      "servicio"
    ],
    "object_id": "1",
    "object_repr": "2025-02-16 - La sabiduria 1 ",
    "action_flag": 2,
    "change_message": "[{\"changed\": {\"fields\": [\"Id iglesia\"]}}]"
  }
},
{
  "model": "admin.logentry",
  "pk": 60,
  "fields": {
    "action_time": "2025-02-14T16:28:01.753Z",
    "user": [
      "jam"
    ],
    "content_type": [
      "base",
      "servicio"
    ],
    "object_id": "3",
    "object_repr": "2025-02-18 - Estudio Sabiduria 1 ",
    "action_flag": 2,
    "change_message": "[{\"changed\": {\"fields\": [\"Id iglesia\"]}}]"
  }
},
{
  "model": "admin.logentry",
  "pk": 61,
  "fields": {
    "action_time": "2025-02-14T16:28:06.356Z",
    "user": [
      "jam"
    ],
    "content_type": [
      "base",
      "servicio"
    ],
    "object_id": "2",
    "object_repr": "2025-02-18 - Oracion sabiduria 1 ",
    "action_flag": 2,
    "change_message": "[{\"changed\": {\"fields\": [\"Id iglesia\"]}}]"
  }
},
{
  "model": "admin.logentry",
  "pk": 62,
  "fields": {
    "action_time": "2025-02-14T16:28:10.673Z",
    "user": [
      "jam"
    ],
    "content_type": [
      "base",
      "servicio"
    ],
    "object_id": "4",
    "object_repr": "2025-02-20 - Oracion de estudio Estudio Sabiduria 1 ",
    "action_flag": 2,
    "change_message": "[{\"changed\": {\"fields\": [\"Id iglesia\"]}}]"
  }
},
{
  "model": "admin.logentry",
  "pk": 63,
  "fields": {
    "action_time": "2025-02-14T16:28:15.204Z",
    "user": [
      "jam"
    ],
    "content_type": [
      "base",
      "servicio"
    ],
    "object_id": "5",
    "object_repr": "2025-02-22 - Rencauche ",
    "action_flag": 2,
    "change_message": "[{\"changed\": {\"fields\": [\"Id iglesia\"]}}]"
  }
},
{
  "model": "admin.logentry",
  "pk": 64,
  "fields": {
    "action_time": "2025-02-14T16:28:19.116Z",
    "user": [
      "jam"
    ],
    "content_type": [
      "base",
      "servicio"
    ],
    "object_id": "5",
    "object_repr": "2025-02-22 - Rencauche ",
    "action_flag": 2,
    "change_message": "[]"
  }
},
{
  "model": "admin.logentry",
  "pk": 65,
  "fields": {
    "action_time": "2025-02-14T16:28:23.235Z",
    "user": [
      "jam"
    ],
    "content_type": [
      "base",
      "servicio"
    ],
    "object_id": "6",
    "object_repr": "2025-02-23 - Sabiduria 2 ",
    "action_flag": 2,
    "change_message": "[{\"changed\": {\"fields\": [\"Id iglesia\"]}}]"
  }
},
{
  "model": "admin.logentry",
  "pk": 66,
  "fields": {
    "action_time": "2025-02-14T16:28:59.345Z",
    "user": [
      "jam"
    ],
    "content_type": [
      "base",
      "servicio"
    ],
    "object_id": "6",
    "object_repr": "2025-02-23 - Sabiduria 2 ",
    "action_flag": 2,
    "change_message": "[{\"changed\": {\"fields\": [\"Id iglesia\"]}}]"
  }
},
{
  "model": "admin.logentry",
  "pk": 67,
  "fields": {
    "action_time": "2025-02-14T22:41:58.993Z",
    "user": [
      "jam"
    ],
    "content_type": [
      "base",
      "categoria_servicio"
    ],
    "object_id": "5",
    "object_repr": "Alborada jueves",
    "action_flag": 2,
    "change_message": "[{\"changed\": {\"fields\": [\"Id iglesia\"]}}]"
  }
},
{
  "model": "admin.logentry",
  "pk": 68,
  "fields": {
    "action_time": "2025-02-14T22:42:17.871Z",
    "user": [
      "jam"
    ],
    "content_type": [
      "base",
      "categoria_servicio"
    ],
    "object_id": "2",
    "object_repr": "Dominical Infantil",
    "action_flag": 2,
    "change_message": "[{\"changed\": {\"fields\": [\"Id iglesia\"]}}]"
  }
},
{
  "model": "admin.logentry",
  "pk": 69,
  "fields": {
    "action_time": "2025-02-14T22:42:24.306Z",
    "user": [
      "jam"
    ],
    "content_type": [
      "base",
      "categoria_servicio"
    ],
    "object_id": "3",
    "object_repr": "Servicio Martes",
    "action_flag": 2,
    "change_message": "[{\"changed\": {\"fields\": [\"Id iglesia\"]}}]"
  }
},
{
  "model": "admin.logentry",
  "pk": 70,
  "fields": {
    "action_time": "2025-02-14T22:42:28.882Z",
    "user": [
      "jam"
    ],
    "content_type": [
      "base",
      "categoria_servicio"
    ],
    "object_id": "8",
    "object_repr": "Power Night",
    "action_flag": 2,
    "change_message": "[{\"changed\": {\"fields\": [\"Id iglesia\"]}}]"
  }
},
{
  "model": "admin.logentry",
  "pk": 71,
  "fields": {
    "action_time": "2025-02-14T22:42:33.957Z",
    "user": [
      "jam"
    ],
    "content_type": [
      "base",
      "categoria_servicio"
    ],
    "object_id": "7",
    "object_repr": "Mujeres",
    "action_flag": 2,
    "change_message": "[{\"changed\": {\"fields\": [\"Id iglesia\"]}}]"
  }
},
{
  "model": "admin.logentry",
  "pk": 72,
  "fields": {
    "action_time": "2025-02-14T22:42:40.208Z",
    "user": [
      "jam"
    ],
    "content_type": [
      "base",
      "categoria_servicio"
    ],
    "object_id": "6",
    "object_repr": "Parejas",
    "action_flag": 2,
    "change_message": "[{\"changed\": {\"fields\": [\"Id iglesia\"]}}]"
  }
},
{
  "model": "admin.logentry",
  "pk": 73,
  "fields": {
    "action_time": "2025-02-14T22:42:50.264Z",
    "user": [
      "jam"
    ],
    "content_type": [
      "base",
      "categoria_servicio"
    ],
    "object_id": "4",
    "object_repr": "Alborada martes",
    "action_flag": 2,
    "change_message": "[{\"changed\": {\"fields\": [\"Id iglesia\"]}}]"
  }
},
{
  "model": "admin.logentry",
  "pk": 74,
  "fields": {
    "action_time": "2025-02-14T22:43:05.116Z",
    "user": [
      "jam"
    ],
    "content_type": [
      "base",
      "categoria_servicio"
    ],
    "object_id": "4",
    "object_repr": "Alborada martes",
    "action_flag": 2,
    "change_message": "[]"
  }
},
{
  "model": "admin.logentry",
  "pk": 75,
  "fields": {
    "action_time": "2025-02-14T22:43:23.699Z",
    "user": [
      "jam"
    ],
    "content_type": [
      "base",
      "categoria_servicio"
    ],
    "object_id": "7",
    "object_repr": "Mujeres",
    "action_flag": 2,
    "change_message": "[{\"changed\": {\"fields\": [\"Id iglesia\"]}}]"
  }
},
{
  "model": "admin.logentry",
  "pk": 76,
  "fields": {
    "action_time": "2025-02-14T22:43:32.955Z",
    "user": [
      "jam"
    ],
    "content_type": [
      "base",
      "categoria_servicio"
    ],
    "object_id": "7",
    "object_repr": "Mujeres",
    "action_flag": 2,
    "change_message": "[{\"changed\": {\"fields\": [\"Id iglesia\"]}}]"
  }
},
{
  "model": "admin.logentry",
  "pk": 77,
  "fields": {
    "action_time": "2025-02-14T22:46:00.923Z",
    "user": [
      "jam"
    ],
    "content_type": [
      "base",
      "usuario_iglesia"
    ],
    "object_id": "2",
    "object_repr": "Jesucristo es la Solucion Popayan - gustavo",
    "action_flag": 1,
    "change_message": "[{\"added\": {}}]"
  }
},
{
  "model": "admin.logentry",
  "pk": 78,
  "fields": {
    "action_time": "2025-02-14T22:46:11.554Z",
    "user": [
      "jam"
    ],
    "content_type": [
      "base",
      "usuario_iglesia"
    ],
    "object_id": "3",
    "object_repr": "Jesucristo es la Solucion Popayan - admin",
    "action_flag": 1,
    "change_message": "[{\"added\": {}}]"
  }
},
{
  "model": "admin.logentry",
  "pk": 79,
  "fields": {
    "action_time": "2025-02-14T22:46:36.028Z",
    "user": [
      "jam"
    ],
    "content_type": [
      "base",
      "ministerio"
    ],
    "object_id": "2",
    "object_repr": "Comunicaciones",
    "action_flag": 2,
    "change_message": "[{\"changed\": {\"fields\": [\"Id usuario\"]}}]"
  }
},
{
  "model": "admin.logentry",
  "pk": 80,
  "fields": {
    "action_time": "2025-02-14T22:46:52.622Z",
    "user": [
      "jam"
    ],
    "content_type": [
      "base",
      "usuario_iglesia"
    ],
    "object_id": "1",
    "object_repr": "Jesucristo es la Solucion Popayan - jmadrid",
    "action_flag": 2,
    "change_message": "[{\"changed\": {\"fields\": [\"Superusuario\"]}}]"
  }
},
{
  "model": "admin.logentry",
  "pk": 81,
  "fields": {
    "action_time": "2025-02-14T22:47:02.980Z",
    "user": [
      "jam"
    ],
    "content_type": [
      "base",
      "usuario_iglesia"
    ],
    "object_id": "3",
    "object_repr": "Jesucristo es la Solucion Popayan - admin",
    "action_flag": 2,
    "change_message": "[{\"changed\": {\"fields\": [\"Superusuario\"]}}]"
  }
},
{
  "model": "admin.logentry",
  "pk": 82,
  "fields": {
    "action_time": "2025-02-16T15:39:05.324Z",
    "user": [
      "jam"
    ],
    "content_type": [
      "base",
      "ministerio"
    ],
    "object_id": "2",
    "object_repr": "Comunicaciones",
    "action_flag": 2,
    "change_message": "[{\"changed\": {\"fields\": [\"Id usuario\"]}}]"
  }
},
{
  "model": "admin.logentry",
  "pk": 83,
  "fields": {
    "action_time": "2025-02-17T13:22:13.235Z",
    "user": [
      "jam"
    ],
    "content_type": [
      "base",
      "servicio"
    ],
    "object_id": "1",
    "object_repr": "2025-03-30 - La sabiduria 1 ",
    "action_flag": 2,
    "change_message": "[{\"changed\": {\"fields\": [\"Fecha\"]}}]"
  }
},
{
  "model": "admin.logentry",
  "pk": 84,
  "fields": {
    "action_time": "2025-02-17T13:51:27.143Z",
    "user": [
      "jam"
    ],
    "content_type": [
      "base",
      "participanteservicio"
    ],
    "object_id": "16",
    "object_repr": "2025-03-30 Dominical General - Jorge Alexis Madrid Pe±a   ( Voz lider)",
    "action_flag": 1,
    "change_message": "[{\"added\": {}}]"
  }
},
{
  "model": "admin.logentry",
  "pk": 85,
  "fields": {
    "action_time": "2025-02-17T14:00:49.532Z",
    "user": [
      "jam"
    ],
    "content_type": [
      "base",
      "participanteservicio"
    ],
    "object_id": "17",
    "object_repr": "2025-03-30 Dominical General - Somin Palacios   ( Camara)",
    "action_flag": 1,
    "change_message": "[{\"added\": {}}]"
  }
},
{
  "model": "admin.logentry",
  "pk": 86,
  "fields": {
    "action_time": "2025-02-17T15:00:03.583Z",
    "user": [
      "jam"
    ],
    "content_type": [
      "base",
      "participanteservicio"
    ],
    "object_id": "21",
    "object_repr": "2025-03-30 Dominical General - Somin Palacios   ( Camara)",
    "action_flag": 1,
    "change_message": "[{\"added\": {}}]"
  }
},
{
  "model": "admin.logentry",
  "pk": 87,
  "fields": {
    "action_time": "2025-02-17T15:01:56.830Z",
    "user": [
      "jam"
    ],
    "content_type": [
      "base",
      "participanteservicio"
    ],
    "object_id": "24",
    "object_repr": "2025-03-30 Dominical General - Somin Palacios   ( Camara)",
    "action_flag": 1,
    "change_message": "[{\"added\": {}}]"
  }
},
{
  "model": "admin.logentry",
  "pk": 88,
  "fields": {
    "action_time": "2025-02-18T02:58:22.884Z",
    "user": [
      "jam"
    ],
    "content_type": [
      "base",
      "miembro"
    ],
    "object_id": "9",
    "object_repr": "Amigo nuevo Madrid",
    "action_flag": 2,
    "change_message": "[{\"changed\": {\"fields\": [\"Identificacion\", \"Celular\", \"Activo\"]}}]"
  }
},
{
  "model": "admin.logentry",
  "pk": 89,
  "fields": {
    "action_time": "2025-02-18T19:07:26.638Z",
    "user": [
      "jam"
    ],
    "content_type": [
      "base",
      "miembro_ministerio"
    ],
    "object_id": "17",
    "object_repr": "Victor - Alabanza",
    "action_flag": 2,
    "change_message": "[{\"changed\": {\"fields\": [\"Id rol ministerio\"]}}]"
  }
},
{
  "model": "admin.logentry",
  "pk": 90,
  "fields": {
    "action_time": "2025-02-19T03:53:24.150Z",
    "user": [
      "jam"
    ],
    "content_type": [
      "auth",
      "user"
    ],
    "object_id": "8",
    "object_repr": "anlopez",
    "action_flag": 1,
    "change_message": "[{\"added\": {}}]"
  }
},
{
  "model": "admin.logentry",
  "pk": 91,
  "fields": {
    "action_time": "2025-02-19T03:53:50.372Z",
    "user": [
      "jam"
    ],
    "content_type": [
      "base",
      "usuario_iglesia"
    ],
    "object_id": "4",
    "object_repr": "Presbiteriana Morales - anlopez",
    "action_flag": 1,
    "change_message": "[{\"added\": {}}]"
  }
},
{
  "model": "admin.logentry",
  "pk": 92,
  "fields": {
    "action_time": "2025-02-19T03:54:07.635Z",
    "user": [
      "jam"
    ],
    "content_type": [
      "base",
      "usuario_iglesia"
    ],
    "object_id": "4",
    "object_repr": "Presbiteriana Morales - anlopez",
    "action_flag": 2,
    "change_message": "[{\"changed\": {\"fields\": [\"Superusuario\"]}}]"
  }
},
{
  "model": "admin.logentry",
  "pk": 93,
  "fields": {
    "action_time": "2025-02-19T03:54:48.394Z",
    "user": [
      "jam"
    ],
    "content_type": [
      "base",
      "ministerio"
    ],
    "object_id": "3",
    "object_repr": "Sonido",
    "action_flag": 1,
    "change_message": "[{\"added\": {}}]"
  }
},
{
  "model": "admin.logentry",
  "pk": 94,
  "fields": {
    "action_time": "2025-02-25T22:10:30.741Z",
    "user": [
      "jam"
    ],
    "content_type": [
      "auth",
      "user"
    ],
    "object_id": "5",
    "object_repr": "jmadrid",
    "action_flag": 2,
    "change_message": "[{\"changed\": {\"fields\": [\"First name\", \"Last name\"]}}]"
  }
},
{
  "model": "admin.logentry",
  "pk": 95,
  "fields": {
    "action_time": "2025-02-25T22:40:33.311Z",
    "user": [
      "jam"
    ],
    "content_type": [
      "auth",
      "user"
    ],
    "object_id": "8",
    "object_repr": "anlopez",
    "action_flag": 2,
    "change_message": "[{\"changed\": {\"fields\": [\"First name\", \"Last name\"]}}]"
  }
},
{
  "model": "admin.logentry",
  "pk": 96,
  "fields": {
    "action_time": "2025-02-25T22:41:27.556Z",
    "user": [
      "jam"
    ],
    "content_type": [
      "auth",
      "user"
    ],
    "object_id": "6",
    "object_repr": "gustavo",
    "action_flag": 2,
    "change_message": "[{\"changed\": {\"fields\": [\"First name\", \"Last name\"]}}]"
  }
},
{
  "model": "admin.logentry",
  "pk": 97,
  "fields": {
    "action_time": "2025-02-25T22:56:38.594Z",
    "user": [
      "jam"
    ],
    "content_type": [
      "auth",
      "user"
    ],
    "object_id": "7",
    "object_repr": "admin",
    "action_flag": 2,
    "change_message": "[{\"changed\": {\"fields\": [\"First name\"]}}]"
  }
},
{
  "model": "admin.logentry",
  "pk": 98,
  "fields": {
    "action_time": "2025-02-26T16:21:15.483Z",
    "user": [
      "jam"
    ],
    "content_type": [
      "base",
      "pais"
    ],
    "object_id": "1",
    "object_repr": "Colombia",
    "action_flag": 1,
    "change_message": "[{\"added\": {}}]"
  }
},
{
  "model": "admin.logentry",
  "pk": 99,
  "fields": {
    "action_time": "2025-02-26T16:21:41.791Z",
    "user": [
      "jam"
    ],
    "content_type": [
      "base",
      "departamento"
    ],
    "object_id": "1",
    "object_repr": "Cauca",
    "action_flag": 1,
    "change_message": "[{\"added\": {}}]"
  }
},
{
  "model": "admin.logentry",
  "pk": 100,
  "fields": {
    "action_time": "2025-02-26T16:21:57.955Z",
    "user": [
      "jam"
    ],
    "content_type": [
      "base",
      "municipio"
    ],
    "object_id": "1",
    "object_repr": "Popayan",
    "action_flag": 1,
    "change_message": "[{\"added\": {}}]"
  }
},
{
  "model": "admin.logentry",
  "pk": 101,
  "fields": {
    "action_time": "2025-02-26T16:22:20.384Z",
    "user": [
      "jam"
    ],
    "content_type": [
      "base",
      "comuna"
    ],
    "object_id": "1",
    "object_repr": "Comuna 1",
    "action_flag": 1,
    "change_message": "[{\"added\": {}}]"
  }
},
{
  "model": "admin.logentry",
  "pk": 102,
  "fields": {
    "action_time": "2025-02-26T16:22:31.284Z",
    "user": [
      "jam"
    ],
    "content_type": [
      "base",
      "comuna"
    ],
    "object_id": "2",
    "object_repr": "Comuna 2",
    "action_flag": 1,
    "change_message": "[{\"added\": {}}]"
  }
},
{
  "model": "admin.logentry",
  "pk": 103,
  "fields": {
    "action_time": "2025-02-26T16:22:43.251Z",
    "user": [
      "jam"
    ],
    "content_type": [
      "base",
      "comuna"
    ],
    "object_id": "3",
    "object_repr": "Comuna 3",
    "action_flag": 1,
    "change_message": "[{\"added\": {}}]"
  }
},
{
  "model": "admin.logentry",
  "pk": 104,
  "fields": {
    "action_time": "2025-02-26T16:22:50.590Z",
    "user": [
      "jam"
    ],
    "content_type": [
      "base",
      "comuna"
    ],
    "object_id": "4",
    "object_repr": "Comuna 4",
    "action_flag": 1,
    "change_message": "[{\"added\": {}}]"
  }
},
{
  "model": "admin.logentry",
  "pk": 105,
  "fields": {
    "action_time": "2025-02-26T16:22:58.547Z",
    "user": [
      "jam"
    ],
    "content_type": [
      "base",
      "comuna"
    ],
    "object_id": "5",
    "object_repr": "Comuna 5",
    "action_flag": 1,
    "change_message": "[{\"added\": {}}]"
  }
},
{
  "model": "admin.logentry",
  "pk": 106,
  "fields": {
    "action_time": "2025-02-26T16:23:05.137Z",
    "user": [
      "jam"
    ],
    "content_type": [
      "base",
      "comuna"
    ],
    "object_id": "6",
    "object_repr": "Comuna 6",
    "action_flag": 1,
    "change_message": "[{\"added\": {}}]"
  }
},
{
  "model": "admin.logentry",
  "pk": 107,
  "fields": {
    "action_time": "2025-02-26T16:23:13.268Z",
    "user": [
      "jam"
    ],
    "content_type": [
      "base",
      "comuna"
    ],
    "object_id": "7",
    "object_repr": "Comuna 7",
    "action_flag": 1,
    "change_message": "[{\"added\": {}}]"
  }
},
{
  "model": "admin.logentry",
  "pk": 108,
  "fields": {
    "action_time": "2025-02-26T16:23:22.074Z",
    "user": [
      "jam"
    ],
    "content_type": [
      "base",
      "comuna"
    ],
    "object_id": "8",
    "object_repr": "Comuna 8",
    "action_flag": 1,
    "change_message": "[{\"added\": {}}]"
  }
},
{
  "model": "admin.logentry",
  "pk": 109,
  "fields": {
    "action_time": "2025-02-26T16:23:29.605Z",
    "user": [
      "jam"
    ],
    "content_type": [
      "base",
      "comuna"
    ],
    "object_id": "9",
    "object_repr": "Comuna 9",
    "action_flag": 1,
    "change_message": "[{\"added\": {}}]"
  }
},
{
  "model": "admin.logentry",
  "pk": 110,
  "fields": {
    "action_time": "2025-02-26T16:23:50.266Z",
    "user": [
      "jam"
    ],
    "content_type": [
      "base",
      "comuna"
    ],
    "object_id": "10",
    "object_repr": "Comuna 10",
    "action_flag": 1,
    "change_message": "[{\"added\": {}}]"
  }
},
{
  "model": "admin.logentry",
  "pk": 111,
  "fields": {
    "action_time": "2025-02-26T16:24:33.947Z",
    "user": [
      "jam"
    ],
    "content_type": [
      "base",
      "barrio"
    ],
    "object_id": "1",
    "object_repr": "Bello Horizonte",
    "action_flag": 1,
    "change_message": "[{\"added\": {}}]"
  }
},
{
  "model": "admin.logentry",
  "pk": 112,
  "fields": {
    "action_time": "2025-02-26T16:24:43.335Z",
    "user": [
      "jam"
    ],
    "content_type": [
      "base",
      "barrio"
    ],
    "object_id": "2",
    "object_repr": "La Paz",
    "action_flag": 1,
    "change_message": "[{\"added\": {}}]"
  }
},
{
  "model": "admin.logentry",
  "pk": 113,
  "fields": {
    "action_time": "2025-02-26T16:24:56.687Z",
    "user": [
      "jam"
    ],
    "content_type": [
      "base",
      "barrio"
    ],
    "object_id": "3",
    "object_repr": "El Uvo",
    "action_flag": 1,
    "change_message": "[{\"added\": {}}]"
  }
},
{
  "model": "admin.logentry",
  "pk": 114,
  "fields": {
    "action_time": "2025-02-26T16:25:08.461Z",
    "user": [
      "jam"
    ],
    "content_type": [
      "base",
      "barrio"
    ],
    "object_id": "4",
    "object_repr": "El placer",
    "action_flag": 1,
    "change_message": "[{\"added\": {}}]"
  }
},
{
  "model": "admin.logentry",
  "pk": 115,
  "fields": {
    "action_time": "2025-02-26T16:25:22.454Z",
    "user": [
      "jam"
    ],
    "content_type": [
      "base",
      "barrio"
    ],
    "object_id": "5",
    "object_repr": "Ciudad Jardin",
    "action_flag": 1,
    "change_message": "[{\"added\": {}}]"
  }
},
{
  "model": "admin.logentry",
  "pk": 116,
  "fields": {
    "action_time": "2025-02-26T16:25:50.282Z",
    "user": [
      "jam"
    ],
    "content_type": [
      "base",
      "barrio"
    ],
    "object_id": "6",
    "object_repr": "La Maria",
    "action_flag": 1,
    "change_message": "[{\"added\": {}}]"
  }
},
{
  "model": "admin.logentry",
  "pk": 117,
  "fields": {
    "action_time": "2025-02-26T16:29:24.254Z",
    "user": [
      "jam"
    ],
    "content_type": [
      "base",
      "estado_grupocasa"
    ],
    "object_id": "1",
    "object_repr": "Activo",
    "action_flag": 1,
    "change_message": "[{\"added\": {}}]"
  }
},
{
  "model": "admin.logentry",
  "pk": 118,
  "fields": {
    "action_time": "2025-02-26T16:29:31.667Z",
    "user": [
      "jam"
    ],
    "content_type": [
      "base",
      "estado_grupocasa"
    ],
    "object_id": "2",
    "object_repr": "Pausada",
    "action_flag": 1,
    "change_message": "[{\"added\": {}}]"
  }
},
{
  "model": "admin.logentry",
  "pk": 119,
  "fields": {
    "action_time": "2025-02-26T16:29:39.006Z",
    "user": [
      "jam"
    ],
    "content_type": [
      "base",
      "estado_grupocasa"
    ],
    "object_id": "1",
    "object_repr": "Activa",
    "action_flag": 2,
    "change_message": "[{\"changed\": {\"fields\": [\"Descripcion\"]}}]"
  }
},
{
  "model": "admin.logentry",
  "pk": 120,
  "fields": {
    "action_time": "2025-02-26T16:30:08.723Z",
    "user": [
      "jam"
    ],
    "content_type": [
      "base",
      "grupocasa"
    ],
    "object_id": "1",
    "object_repr": "Power Cell 1 - MiÚrcoles 19:30 - Daniel Mu±oz",
    "action_flag": 1,
    "change_message": "[{\"added\": {}}]"
  }
},
{
  "model": "admin.logentry",
  "pk": 121,
  "fields": {
    "action_time": "2025-02-26T16:30:36.773Z",
    "user": [
      "jam"
    ],
    "content_type": [
      "base",
      "grupocasa"
    ],
    "object_id": "2",
    "object_repr": "Power Cell 2 - MiÚrcoles 19:30 - Paola Ararat",
    "action_flag": 1,
    "change_message": "[{\"added\": {}}]"
  }
},
{
  "model": "admin.logentry",
  "pk": 122,
  "fields": {
    "action_time": "2025-02-26T16:31:08.565Z",
    "user": [
      "jam"
    ],
    "content_type": [
      "base",
      "grupocasa"
    ],
    "object_id": "3",
    "object_repr": "Es un Placer - MiÚrcoles 19:30 - Adolfo Lopez",
    "action_flag": 1,
    "change_message": "[{\"added\": {}}]"
  }
},
{
  "model": "admin.logentry",
  "pk": 123,
  "fields": {
    "action_time": "2025-02-26T16:31:44.997Z",
    "user": [
      "jam"
    ],
    "content_type": [
      "base",
      "grupocasa"
    ],
    "object_id": "4",
    "object_repr": "En el UVo hay Salvacion - MiÚrcoles 19:30 - Monica NN",
    "action_flag": 1,
    "change_message": "[{\"added\": {}}]"
  }
},
{
  "model": "admin.logentry",
  "pk": 124,
  "fields": {
    "action_time": "2025-02-26T16:32:25.014Z",
    "user": [
      "jam"
    ],
    "content_type": [
      "base",
      "grupocasa"
    ],
    "object_id": "5",
    "object_repr": "El Jardin de Dios - MiÚrcoles 19:30 - Olga Lucia Cortez",
    "action_flag": 1,
    "change_message": "[{\"added\": {}}]"
  }
},
{
  "model": "admin.logentry",
  "pk": 125,
  "fields": {
    "action_time": "2025-02-26T16:33:03.190Z",
    "user": [
      "jam"
    ],
    "content_type": [
      "base",
      "grupocasa"
    ],
    "object_id": "6",
    "object_repr": "En laMaria es y ya - Viernes 19:30 - Diego Sancehz",
    "action_flag": 1,
    "change_message": "[{\"added\": {}}]"
  }
},
{
  "model": "admin.logentry",
  "pk": 126,
  "fields": {
    "action_time": "2025-02-26T16:35:54.334Z",
    "user": [
      "jam"
    ],
    "content_type": [
      "base",
      "grupocasa"
    ],
    "object_id": "3",
    "object_repr": "Es un Placer - MiÚrcoles 19:30 - Adolfo Lopez",
    "action_flag": 2,
    "change_message": "[{\"changed\": {\"fields\": [\"Id estado\"]}}]"
  }
},
{
  "model": "admin.logentry",
  "pk": 127,
  "fields": {
    "action_time": "2025-02-26T17:24:13.474Z",
    "user": [
      "jam"
    ],
    "content_type": [
      "auth",
      "user"
    ],
    "object_id": "9",
    "object_repr": "prueba",
    "action_flag": 3,
    "change_message": ""
  }
}
]
